ANNEX VI: LPS data for each relevant aggregated Gridding NFR sectors (GNFR),,,,,,,,,,,,,,,,,,,
NFR 2014-1,,,,,,,,,,,,,,,,,,,
,,,,,,,,,,,,,,,,,,,
COUNTRY:,GB,(as ISO2 code),,,,,,,,,,,,,,,,,
DATE:,30/4/2025,(as DD.MM.YYYY),,,,,,,,,,,,,,,,,
YEAR:,2023,"(as YYYY, year of emissions data)",,,,,,,,,,,,,,,,,
Version:,v1.0,(as v1.0 for the initial submission),,,,,,,,,,,,,,,,,
,,,,,,,,,,,,,,,,,,,
Description of table columns:,,,,,,,,,,,,,,,,,,,
,,,,,,,,,,,,,,,,,,,
1,"LPS: Unique name of a group of sources within a limited area: A set of LPS, NFR and height class must only appear once.",,,,,,,,,,,,,,,,,,
,"Naming conventions to be used are: A – Z, a-z, 0-9 and comma, dot and space (not tabulator).",,,,,,,,,,,,,,,,,,
2,"GNFR means relevant Gridded NFR category (aggregated according to Table III B in the Guidelines). GNFRs must be named A_PublicPower, B_Industry, C_OtherStationaryComb, D_Fugitive, E_Solvents, F_RoadTransport, G_Shipping, H_Aviation, I_Offroad, J_Waste, K_AgriLivestock, L_AgriOther, M_Other, N_Natural, O_AviCruise, P_IntShipping, z_Memo",,,,,,,,,,,,,,,,,,
3,E-PRTR/PRTR Facility ID (optional),,,,,,,,,,,,,,,,,,
4,Height classes (physical height of stacks).,,,,,,,,,,,,,,,,,,
,1. Height class 1 < 45 metres,,,,,,,,,,,,,,,,,,
,2. 45 metres ≤ Height class 2 < 100 metres,,,,,,,,,,,,,,,,,,
,3. 100 metres ≤ Height class 3 < 150 metres,,,,,,,,,,,,,,,,,,
,4. 150 metres ≤ Height class 4 < 200 metres,,,,,,,,,,,,,,,,,,
,5. Height class 5 ³ 200 metres,,,,,,,,,,,,,,,,,,
5 & 6,Longitude and latitude are both given as degrees with decimal digits (i.e. 50.500 corresponds to 50 degree and 30 minutes).  There must be exactly three digits after the decimal point. Two LPS named differently cannot have the same longitude and latitude.,,,,,,,,,,,,,,,,,,
,,,,,,,,,,,,,,,,,,,
LPS,GNFR,"E-PRTR/ PRTR 
Facility ID",Height class (1-5),Longitude,Latitude,NOx (as NO2),NMVOC,SOx (as SO2),NH3,PM2.5,PM10,CO,Pb,Cd,Hg,PCDD/ PCDF (dioxins/ furans),PAHs,HCB,PCBs
,,,,deg,deg,kt,kt,kt,kt,kt,kt,kt,t,t,t,g I-Teq,t,kg,kg
11058_Great Yarmouth Power Station,A_PublicPower,,2,1.732236537,52.58475328,0.2093,NA,NA,NA,NA,NA,NA,NA,NA,NA,NA,NA,NA,NA
11066_Marchwood  Power  Station,A_PublicPower,,1,-1.438271664,50.89802698,0.1773,NA,NA,NA,NA,NA,NA,NA,NA,NA,NA,NA,NA,NA
11067_Staythorpe Power Station,A_PublicPower,,2,-0.8598410978,53.07101921,0.87735,NA,NA,NA,NA,NA,0.7685,NA,NA,NA,NA,NA,NA,NA
11068_Pembroke Power Station,A_PublicPower,,2,-5.000186966,51.68379516,0.92708,NA,NA,NA,NA,NA,1.040182,NA,NA,NA,NA,NA,NA,NA
12130_Wilton Power Station,A_PublicPower,,2,-1.120836986,54.58972666,0.1,NA,NA,NA,NA,NA,NA,NA,NA,NA,NA,NA,NA,NA
12144_Margam,A_PublicPower,,1,-3.745943775,51.56158424,0.1731558959,NA,NA,NA,NA,NA,NA,NA,NA,NA,NA,NA,NA,NA
12169_Newhaven EfW Plant,A_PublicPower,,2,0.04925235286,50.80224834,0.209296,NA,NA,NA,NA,NA,NA,NA,NA,NA,NA,NA,NA,NA
12233_Belvedere,A_PublicPower,,2,0.1554217701,51.50514356,0.88335,NA,NA,NA,NA,NA,NA,NA,NA,NA,NA,NA,NA,NA
13087_Colnbrook,A_PublicPower,,2,-0.5064810972,51.48513639,0.347497,NA,NA,NA,NA,NA,NA,NA,NA,0.0143,NA,NA,NA,NA
13256_Markinch,A_PublicPower,,2,-3.163629192,56.19972089,0.188,NA,NA,NA,NA,NA,NA,NA,NA,NA,NA,NA,NA,NA
13436_Lynemouth Power Station,A_PublicPower,,3,-1.521897692,55.20277176,0.406,NA,NA,NA,NA,NA,0.932,NA,NA,NA,NA,NA,NA,NA
14063_Lincolnshire EfW Facility,A_PublicPower,,2,-0.5950367697,53.19943751,0.189729,NA,NA,NA,NA,NA,NA,NA,NA,NA,NA,NA,NA,NA
14070_Four Ashes Energy Recovery Facility,A_PublicPower,,2,-2.114570345,52.67271109,0.387439,NA,NA,NA,NA,NA,NA,NA,NA,NA,0.5,NA,NA,NA
14199_Blackburn Meadows Renewable Energy Plant,A_PublicPower,,2,-1.406356532,53.41926621,0.253503,NA,NA,NA,NA,NA,NA,NA,NA,NA,NA,NA,NA,NA
14360_Ipswich,A_PublicPower,,2,1.098523977,52.10397145,0.3723,NA,NA,NA,NA,NA,NA,NA,NA,NA,NA,NA,NA,NA
14363_Battlefield EfW,A_PublicPower,,2,-2.727523558,52.74101244,0.132568,NA,NA,NA,NA,NA,NA,NA,NA,NA,NA,NA,NA,NA
14378_Cardiff EfW Facility,A_PublicPower,,2,-3.150045814,51.47272657,0.563875,NA,NA,NA,NA,NA,NA,NA,NA,0.0208,0.106,NA,NA,NA
14427_Ratcliffe on Soar Power Station,A_PublicPower,,4,-1.254259029,52.86603875,1.66,NA,1.38,NA,NA,NA,4.29,NA,NA,0.014,NA,NA,NA,0.1325727108
14430_Cottam Development Centre,A_PublicPower,,3,-0.7783833863,53.3061841,0.42957,NA,NA,NA,NA,NA,NA,NA,NA,NA,NA,NA,NA,NA
14431_Enfield Power Station,A_PublicPower,,2,-0.02355068234,51.66143956,0.55321,NA,NA,NA,NA,NA,NA,NA,NA,NA,NA,NA,NA,NA
14432_Grain CCGT,A_PublicPower,,2,0.712821583,51.44437508,0.41005,NA,NA,NA,NA,NA,NA,NA,NA,NA,NA,NA,NA,NA
14452_Connahs Quay Power Station,A_PublicPower,,2,-3.09136338,53.23328083,0.33792,NA,NA,NA,NA,NA,NA,NA,NA,NA,NA,NA,NA,NA
14581_Ferrybridge MF1,A_PublicPower,,3,-1.281728213,53.71673988,0.827,NA,NA,NA,NA,NA,NA,NA,NA,NA,0.11,NA,NA,NA
14641_Lisahally Power Station,A_PublicPower,,2,-7.257162785,55.04156763,0.197631,NA,NA,NA,NA,NA,NA,NA,NA,NA,NA,NA,NA,NA
14649_Carrington CCGT,A_PublicPower,,3,-2.403539275,53.43343262,0.5288,NA,NA,NA,NA,NA,NA,NA,NA,NA,NA,NA,NA,NA
14668_Damhead Creek Power Station,A_PublicPower,,2,0.6014895995,51.42522509,0.354,NA,NA,NA,NA,NA,NA,NA,NA,NA,NA,NA,NA,NA
14669_Shoreham Power Station,A_PublicPower,,3,-0.2160490474,50.82811976,0.3184331598,NA,NA,NA,NA,NA,NA,NA,NA,NA,NA,NA,NA,NA
14715_Snetterton Biomass Plant,A_PublicPower,,2,0.9544703373,52.47990273,0.3214,NA,NA,NA,NA,NA,NA,NA,NA,NA,NA,NA,NA,NA
14740_Brigg Renewable Energy Plant,A_PublicPower,,3,-0.5117143457,53.54254296,0.2880328,NA,NA,NA,NA,NA,NA,NA,NA,NA,NA,NA,NA,NA
14749_Leeds RERF,A_PublicPower,,2,-1.503491947,53.78725185,0.198148,NA,NA,0.0105646,NA,NA,NA,NA,NA,NA,NA,NA,NA,NA
14820_Greatmoor EfW,A_PublicPower,,2,-0.9797690689,51.89572437,0.25538233,NA,NA,NA,NA,NA,NA,NA,NA,NA,NA,NA,NA,NA
14839_Devonport EfW CHP Facility,A_PublicPower,,2,-4.186348486,50.39591259,0.19564206,NA,NA,NA,NA,NA,NA,NA,NA,0.0118,NA,NA,NA,NA
14841_Wilton 11 EfW Plant,A_PublicPower,,2,-1.122533213,54.59000858,0.436741,NA,NA,NA,NA,NA,NA,NA,NA,NA,NA,NA,NA,NA
14856_Severnside Energy Recovery Centre,A_PublicPower,,2,-2.653400039,51.52896766,0.3843,NA,NA,NA,NA,NA,NA,NA,NA,NA,NA,NA,NA,NA
14888_Riverside STW CHP,A_PublicPower,,1,0.1809875506,51.51786344,0.1350137779,NA,NA,NA,NA,NA,NA,NA,NA,NA,NA,NA,NA,NA
14893_Minworth STW CHP April 2016,A_PublicPower,,1,-1.116751335,52.69665434,0.1431656645,NA,NA,NA,NA,NA,NA,NA,NA,NA,NA,NA,NA,NA
2599_Dundee,A_PublicPower,,2,-2.900674563,56.48341262,0.2930561,NA,NA,NA,NA,NA,NA,NA,NA,NA,0.2564332293,NA,NA,NA
3960_Arpley Landfill Site,A_PublicPower,,1,-2.629257834,53.37248367,0.1146023714,NA,NA,NA,NA,NA,NA,NA,NA,NA,NA,NA,NA,NA
40138_Cornwall Energy Recovery Centre,A_PublicPower,,2,-4.8912823,50.37664818,0.25672,NA,NA,NA,NA,NA,NA,NA,NA,NA,NA,NA,NA,NA
40232_Mercia Envirecover Site,A_PublicPower,,2,-2.207432834,52.32647193,0.1894,NA,NA,NA,NA,NA,NA,NA,NA,NA,NA,NA,NA,NA
40357_Widnes Biomass Facility,A_PublicPower,,2,-2.751304679,53.35456404,0.199131,NA,NA,NA,NA,NA,NA,NA,NA,NA,NA,NA,NA,NA
40419_Beddington Energy Recovery Facility,A_PublicPower,,2,-0.142940754,51.38965704,0.3692681065,NA,NA,NA,NA,NA,NA,NA,NA,NA,NA,NA,NA,NA
40464_Millerhill Recycling & Energy Recovery Centre,A_PublicPower,,2,-3.085928252,55.92507652,0.21290235,NA,NA,NA,NA,NA,NA,NA,NA,NA,NA,NA,NA,NA
40530_Steven's Croft Power Station,A_PublicPower,,1,-3.383073653,55.15651038,0.290427,NA,NA,NA,NA,NA,NA,NA,NA,NA,NA,NA,NA,NA
40602_Allerton Waste Recovery Park Allerton Park Quarry North Yorkshire,A_PublicPower,,2,-1.381923331,54.03321751,0.373684,NA,NA,NA,NA,NA,NA,NA,NA,NA,NA,NA,NA,NA
40606_Discovery Park off Ramsgate Road Kent,A_PublicPower,,2,1.347718524,51.29102814,0.2546,NA,NA,NA,NA,NA,NA,NA,NA,NA,NA,NA,NA,NA
40644_Stranglands Lane West Yorkshire,A_PublicPower,,3,-1.286359692,53.71884383,0.842,NA,NA,NA,NA,NA,NA,NA,NA,0.0155,NA,NA,NA,NA
40655_Dunbar ERF,A_PublicPower,,2,-2.46304733,55.97522078,0.3774814,NA,NA,NA,NA,NA,NA,NA,NA,NA,NA,NA,NA,NA
40717_Kings Lynn Power Station,A_PublicPower,,1,0.3819887967,52.72759627,0.22135,NA,NA,NA,NA,NA,NA,NA,NA,NA,NA,NA,NA,NA
4090_Rainham Phase II,A_PublicPower,,1,0.1986958729,51.49198383,0.1130461161,NA,NA,NA,NA,NA,NA,NA,NA,NA,NA,NA,NA,NA
41304_Javelin Park Energy Recovery Facility,A_PublicPower,,1,-2.293082545,51.79249855,0.208,NA,NA,NA,NA,NA,NA,NA,NA,NA,NA,NA,NA,NA
41306_Teesside EfW Plant,A_PublicPower,,3,-1.258618087,54.59541178,0.6850895,NA,NA,NA,NA,NA,NA,NA,NA,NA,0.16,NA,NA,NA
41316_Beddington ERF,A_PublicPower,,1,-0.143509691,51.40045726,0.39,NA,NA,NA,NA,NA,NA,NA,NA,0.0169,NA,NA,NA,NA
41330_Kemsley Generating Station,A_PublicPower,,2,0.7583854631,51.3655139,0.711903,NA,NA,NA,NA,NA,NA,NA,NA,NA,NA,NA,NA,NA
41333_Chilton Biomass Plant,A_PublicPower,,1,-1.565223288,54.66780632,0.1214674527,NA,NA,NA,NA,NA,NA,NA,NA,NA,NA,NA,NA,NA
41341_Ince Bio Power,A_PublicPower,,2,-2.800620021,53.28352739,0.197862,NA,NA,NA,NA,NA,NA,NA,NA,NA,NA,NA,NA,NA
41346_Templeborough Biomass Power Plant,A_PublicPower,,2,-1.372180736,53.42161735,0.2230422,NA,NA,NA,NA,NA,NA,NA,NA,NA,NA,NA,NA,NA
41353_Ellesmere Port Incinerator,A_PublicPower,,2,-2.866497393,53.27836553,0.116294,NA,NA,NA,NA,NA,NA,NA,NA,NA,NA,NA,NA,NA
41361_Ardley ERF,A_PublicPower,,2,-1.215423756,51.9329555,0.43495897,NA,NA,NA,NA,NA,NA,NA,NA,0.01893,NA,NA,NA,NA
41381_Runcorn EfW Facility,A_PublicPower,,3,-2.754610934,53.32910468,1.14756,NA,NA,NA,NA,NA,NA,NA,NA,0.0176,NA,NA,NA,NA
4171_Davyhulme CHP at Davyhulme WWTW,A_PublicPower,,1,-2.372000231,53.46376352,0.1711837166,NA,NA,NA,NA,NA,NA,NA,NA,NA,NA,NA,NA,NA
4311_Huddersfield,A_PublicPower,,2,-1.777690241,53.65630766,0.1,NA,NA,NA,NA,NA,NA,NA,NA,NA,NA,NA,NA,NA
43110_West Burton B CCGT Power Station,A_PublicPower,,2,-0.8115363259,53.3607239,1.08,NA,NA,NA,NA,NA,0.555,NA,NA,NA,NA,NA,NA,NA
43123_Peterhead Power Station,A_PublicPower,,4,-1.788375005,57.47788542,0.327366,NA,NA,NA,NA,NA,NA,NA,NA,NA,NA,NA,NA,NA
43124_Lerwick Power Station,A_PublicPower,,2,-1.164294251,60.16656628,1.5118,NA,0.2783,NA,NA,NA,NA,NA,NA,NA,NA,NA,NA,NA
43185_Severn Road Resource Recovery Centre EfW Facility,A_PublicPower,,2,-2.66743191,51.53230543,0.5349203,NA,NA,NA,NA,NA,NA,NA,NA,0.0221,NA,NA,NA,NA
43286_Dudley EfW,A_PublicPower,,1,-2.081564375,52.49977476,0.120379,NA,NA,NA,NA,NA,NA,NA,NA,NA,NA,NA,NA,NA
43288_Stoke EfW,A_PublicPower,,2,-2.182735404,52.98788495,0.17213,NA,NA,NA,NA,NA,NA,NA,NA,NA,NA,NA,NA,NA
43289_Waste to Energy Plant Crown Street,A_PublicPower,,2,-2.124560773,52.59763677,0.1,NA,NA,NA,NA,NA,NA,NA,NA,NA,NA,NA,NA,NA
43303_Newhurst Quarry Energy Recovery Facility,A_PublicPower,,1,-1.276845206,52.75830268,0.40126,NA,NA,NA,NA,NA,NA,NA,NA,NA,NA,NA,NA,NA
43309_Rookery Pit Energy Recovery Facility,A_PublicPower,,1,-0.52365728,52.06145456,0.8436945,NA,NA,NA,NA,NA,NA,NA,NA,NA,NA,NA,NA,NA
43383_Sleaford Renewable Energy Plant,A_PublicPower,,2,-0.3836730967,52.99951702,0.176,NA,NA,NA,NA,NA,NA,NA,NA,NA,NA,NA,NA,NA
6767_Calvert Phase II - A,A_PublicPower,,1,-0.9530692572,51.94523809,0.1600239201,NA,NA,NA,NA,NA,NA,NA,NA,NA,NA,NA,NA,NA
6812_Avondale Power Station,A_PublicPower,,1,-3.681217423,55.98259466,0.1051179187,NA,NA,NA,NA,NA,NA,NA,NA,NA,NA,NA,NA,NA
6991_Marchwood,A_PublicPower,,2,-1.438271664,50.89802698,0.153937,NA,NA,NA,NA,NA,NA,NA,NA,NA,NA,NA,NA,NA
7495_Pitsea Methane Conversion Plant,A_PublicPower,,1,0.5101683308,51.53981481,0.1370801972,NA,NA,NA,NA,NA,NA,NA,NA,NA,NA,NA,NA,NA
7572_Portsmouth,A_PublicPower,,2,-1.054455273,50.82180997,0.253326,NA,NA,NA,NA,NA,NA,NA,NA,NA,NA,NA,NA,NA
7803_Tyseley,A_PublicPower,,2,-1.843364646,52.45942468,0.437528,NA,NA,NA,NA,NA,NA,NA,NA,0.0102,0.11,NA,NA,NA
7807_Edmonton,A_PublicPower,,3,-0.03997657504,51.61585337,0.55889,NA,NA,0.0139,NA,NA,NA,NA,NA,NA,NA,NA,NA,NA
7822_Beckton STW,A_PublicPower,,1,0.08727304317,51.51861554,NA,NA,NA,NA,NA,NA,0.579545,NA,NA,NA,NA,NA,NA,NA
7927_Coventry,A_PublicPower,,2,-1.491468612,52.3959547,0.3516,NA,NA,0.0129,NA,NA,NA,NA,NA,NA,NA,NA,NA,NA
7932_SELCHP,A_PublicPower,,2,-0.04643669847,51.48547893,0.359962,NA,NA,0.013235,NA,NA,NA,NA,NA,NA,NA,NA,NA,NA
7933_Nottingham,A_PublicPower,,2,-1.135167551,52.94595791,0.212628,NA,NA,NA,NA,NA,NA,NA,NA,NA,NA,NA,NA,NA
8009_Eye,A_PublicPower,,2,1.12791932,52.33568161,0.209533,NA,NA,NA,NA,NA,NA,NA,NA,NA,0.13,NA,NA,NA
8016_Immingham,A_PublicPower,,2,-0.2338749902,53.64025406,0.6371962,NA,NA,NA,NA,NA,NA,NA,NA,NA,NA,NA,NA,NA
8017_Seabank,A_PublicPower,,2,-2.671862448,51.53947337,0.5269,NA,NA,NA,NA,NA,1.2289,NA,NA,NA,NA,NA,NA,NA
8018_Saltend,A_PublicPower,,2,-0.2444384683,53.73551707,1.4118,NA,NA,NA,NA,NA,NA,NA,NA,NA,NA,NA,NA,NA
8053_Slough,A_PublicPower,,2,-0.6277237801,51.52438419,0.192363,NA,NA,NA,NA,NA,NA,NA,NA,NA,NA,NA,NA,NA
8055_South Humber,A_PublicPower,,2,-0.1456621296,53.60278178,0.782,NA,NA,NA,NA,NA,NA,NA,NA,NA,NA,NA,NA,NA
8128_Didcot B,A_PublicPower,,2,-1.267868251,51.62318652,0.98,NA,NA,NA,NA,NA,NA,NA,NA,NA,NA,NA,NA,NA
8166_Little Barford,A_PublicPower,,2,-0.2680599202,52.20525622,0.51647,NA,NA,NA,NA,NA,NA,NA,NA,NA,NA,NA,NA,NA
8415_Spalding,A_PublicPower,,2,-0.1321920584,52.8078387,0.264,NA,NA,NA,NA,NA,NA,NA,NA,NA,NA,NA,NA,NA
8500_Keadby,A_PublicPower,,2,-0.7398470712,53.59505286,0.680117,NA,NA,NA,NA,NA,NA,NA,NA,NA,NA,NA,NA,NA
8501_Medway,A_PublicPower,,2,0.6892738256,51.44042103,0.2014,NA,NA,NA,NA,NA,NA,NA,NA,NA,NA,NA,NA,NA
8640_Drax,A_PublicPower,,5,-0.9904142946,53.7324372,6.936,0.12015,1.035,NA,0.2713887063,0.31631,9.612,NA,0.01867,0.29374,NA,NA,NA,0.4415466718
8758_Thetford,A_PublicPower,,3,0.7233745908,52.44815934,0.4508,NA,NA,NA,NA,NA,NA,NA,0.01096,NA,NA,NA,NA,NA
8759_Glanford,A_PublicPower,,1,-0.7012244212,53.62268536,0.1404,NA,NA,NA,NA,NA,NA,NA,NA,NA,NA,NA,NA,NA
8764_Elean,A_PublicPower,,2,0.1340057939,52.39513994,0.1373,NA,NA,NA,NA,NA,0.7339,NA,NA,NA,NA,NA,NA,NA
8980_Coolkeeragh,A_PublicPower,,2,-7.245600475,55.04410161,0.42348,NA,NA,NA,NA,NA,0.521013,NA,NA,NA,NA,NA,NA,NA
8981_Kilroot,A_PublicPower,,4,-5.812166616,54.70396101,0.48057,NA,0.46513,NA,NA,NA,NA,NA,NA,NA,NA,NA,NA,0.22755773
8982_Ballylumford,A_PublicPower,,4,-5.773705323,54.85804757,0.7567,NA,NA,NA,NA,NA,NA,NA,NA,NA,NA,NA,NA,NA
9246_Sheffield,A_PublicPower,,2,-1.449698559,53.38487628,0.211924,NA,NA,NA,NA,NA,NA,NA,NA,NA,NA,NA,NA,NA
9299_Allington Quarry,A_PublicPower,,2,0.4912901093,51.29280684,0.543,NA,NA,NA,NA,NA,NA,NA,NA,NA,0.15,NA,NA,NA
"9855_Deeside Industrial Estate, Deeside",A_PublicPower,,2,-3.034194323,53.23585823,0.250867,NA,NA,NA,NA,NA,NA,NA,NA,NA,NA,NA,NA,NA
"9872_Margam Green Energy Plant Land off Longlands Lane, Neath Port Talbot",A_PublicPower,,2,-3.746818753,51.5633337,0.200811,NA,NA,NA,NA,NA,NA,NA,NA,NA,NA,NA,NA,NA
10098_Deeside,B_Industry,,1,-3.006985908,53.23204612,NA,0.24231641,NA,NA,NA,NA,NA,NA,NA,NA,NA,NA,NA,NA
10107_Barrow Terminal,B_Industry,,1,-3.184108156,54.10241387,0.252105247,NA,NA,NA,NA,NA,NA,NA,NA,NA,NA,NA,NA,NA
10163_Immingham Briquetting Works,B_Industry,,1,-0.2050882821,53.62706077,NA,NA,NA,NA,NA,NA,NA,NA,NA,NA,NA,NA,NA,0.1351140351
10604_Pembroke Plant,B_Industry,,4,-5.02782814,51.68669191,2.291644394,NA,1.3,NA,0.06614064783,0.1076853392,NA,NA,NA,NA,NA,NA,NA,NA
10763_West Bowling,B_Industry,,1,-1.744565299,53.77955842,NA,0.484,NA,0.012531,NA,NA,NA,NA,NA,NA,NA,NA,NA,NA
10783_South Killingholme Refinery,B_Industry,,3,-0.2440636234,53.63168418,2.279,NA,3.215,NA,0.08724677164,0.143,0.788,NA,NA,NA,NA,NA,NA,NA
11000_Harlow,B_Industry,,1,0.1196199727,51.78573731,NA,0.20523,NA,NA,NA,NA,NA,NA,NA,NA,NA,NA,NA,NA
11035_Maydown,B_Industry,,2,-7.239396035,55.03249977,0.26,NA,0.5592,NA,NA,NA,NA,NA,NA,NA,NA,NA,NA,NA
11042_Cookstown,B_Industry,,2,-6.766103181,54.61779978,0.478,NA,0.182,0.035,NA,NA,NA,NA,NA,0.0128,NA,NA,NA,NA
11050_Derrylin Glass Plant,B_Industry,,2,-7.584400091,54.15920289,0.32987094,NA,0.15108372,NA,NA,NA,NA,NA,NA,NA,NA,NA,NA,NA
11065_South Hook LNG Terminal,B_Industry,,1,-4.988962535,51.71106353,0.3380861866,NA,NA,NA,NA,NA,NA,NA,NA,NA,NA,NA,NA,NA
11135_St Fergus,B_Industry,,2,-1.841128578,57.57955457,0.665144752,NA,NA,NA,NA,NA,0.654803505,NA,NA,NA,NA,NA,NA,NA
11554_Fawley Refinery,B_Industry,,3,-1.355224602,50.83644866,2.762341001,NA,3.896273222,NA,0.09248178245,0.1535758991,0.7363571048,NA,NA,NA,NA,NA,NA,NA
11622_Tawd Paper Mill,B_Industry,,1,-2.321638318,53.47658358,NA,0.190263,NA,NA,NA,NA,NA,NA,NA,NA,NA,NA,NA,NA
11672_Bank Quay,B_Industry,,1,-2.606746316,53.38966986,NA,NA,NA,0.020746,NA,NA,NA,NA,NA,NA,NA,NA,NA,NA
11722_Hythe,B_Industry,,1,-1.355224602,50.83644866,NA,0.890148,NA,NA,NA,NA,NA,NA,NA,NA,NA,NA,NA,NA
11745_Saddlebow Paper Mill,B_Industry,,1,0.3888335513,52.72817787,0.1554395554,NA,NA,NA,NA,NA,NA,NA,NA,NA,NA,NA,NA,NA
11750_East Leake Gypsum Works,B_Industry,,2,-1.177321477,52.84741674,0.1255651415,NA,NA,NA,NA,NA,NA,NA,NA,NA,NA,NA,NA,NA
11993_Milford Haven,B_Industry,,1,-4.988101253,51.7111754,0.186,NA,NA,NA,NA,NA,NA,NA,NA,NA,NA,NA,NA,NA
12088_Wyke Chemical Works,B_Industry,,1,-1.753745022,53.74083916,0.1521,NA,NA,NA,NA,NA,NA,NA,NA,NA,NA,NA,NA,NA
12105_Teeside Polyethylene Plant,B_Industry,,2,-1.103965672,54.58987259,NA,0.353,NA,NA,NA,NA,NA,NA,NA,NA,NA,NA,NA,NA
12898_Alba Northern,B_Industry,,2,1.078264544,58.06918117,0.235076008,NA,NA,NA,NA,NA,NA,NA,NA,NA,NA,NA,NA,NA
12903_Andrew,B_Industry,,2,1.406234115,58.0479182,0.225007375,NA,NA,NA,NA,NA,NA,NA,NA,NA,NA,NA,NA,NA
12907_Armada,B_Industry,,2,1.852527949,57.91978644,0.310722076,NA,NA,NA,NA,NA,NA,NA,NA,NA,NA,NA,NA,NA
12917_Triton FPSO,B_Industry,,1,0.800410427,57.18722377,0.466271042,NA,NA,NA,NA,NA,NA,NA,NA,NA,NA,NA,NA,NA
12919_Bleo Holm FPSO,B_Industry,,1,-1.373520916,58.09663874,0.636668668,NA,NA,NA,NA,NA,NA,NA,NA,NA,NA,NA,NA,NA
12926_Brent C,B_Industry,,2,1.693540663,61.09887457,0.223098182,NA,NA,NA,NA,NA,NA,NA,NA,NA,NA,NA,NA,NA
12929_Britannia,B_Industry,,2,0.8412208607,58.08227674,0.803522591,NA,NA,NA,NA,NA,0.651654576,NA,NA,NA,NA,NA,NA,NA
12932_Buzzard,B_Industry,,2,-0.978270365,57.8045515,1.192638291,NA,NA,NA,NA,NA,0.964136985,NA,NA,NA,NA,NA,NA,NA
12939_Clair,B_Industry,,2,-2.553458506,60.68435896,0.330625085,NA,NA,NA,NA,NA,NA,NA,NA,NA,NA,NA,NA,NA
12940_Claymore,B_Industry,,2,-0.2717132695,58.4379393,0.715055429,NA,NA,NA,NA,NA,NA,NA,NA,NA,NA,NA,NA,NA
12942_Clyde,B_Industry,,2,2.293606324,56.46137568,0.287716481,NA,NA,NA,NA,NA,NA,NA,NA,NA,NA,NA,NA,NA
12945_Cormorant North,B_Industry,,2,1.164116565,61.21500534,0.365559149,NA,NA,NA,NA,NA,NA,NA,NA,NA,NA,NA,NA,NA
12957_Elgin PUQ,B_Industry,,2,1.839940824,57.01215076,1.096050559,NA,NA,NA,NA,NA,0.842554054,NA,NA,NA,NA,NA,NA,NA
12960_Marnock ETAP,B_Industry,,2,1.698854367,57.29266159,0.654402765,NA,NA,NA,NA,NA,0.534072966,NA,NA,NA,NA,NA,NA,NA
12966_Forties Alpha,B_Industry,,2,0.9746814667,57.73058851,0.314160259,NA,NA,NA,NA,NA,NA,NA,NA,NA,NA,NA,NA,NA
12968_Forties Charlie,B_Industry,,2,0.9746814667,57.73058851,0.129337189,NA,NA,NA,NA,NA,NA,NA,NA,NA,NA,NA,NA,NA
12975_Gannet,B_Industry,,2,1.004888848,57.177037,0.438349412,NA,NA,NA,NA,NA,NA,NA,NA,NA,NA,NA,NA,NA
12978_Gryphon,B_Industry,,2,1.539933699,59.35539565,0.526281177,NA,NA,NA,NA,NA,NA,NA,NA,NA,NA,NA,NA,NA
12980_Pierce FPSO,B_Industry,,1,2.261298795,57.14615718,0.986908526,NA,NA,NA,NA,NA,NA,NA,NA,NA,NA,NA,NA,NA
12981_Halley,B_Industry,,2,2.285688414,56.5301195,0.108168212,NA,NA,NA,NA,NA,NA,NA,NA,NA,NA,NA,NA,NA
12982_Harding,B_Industry,,2,1.523554366,59.2882673,0.170632018,NA,NA,NA,NA,NA,NA,NA,NA,NA,NA,NA,NA,NA
12983_Heather,B_Industry,,2,0.9395962733,60.95374793,0.190843649,NA,NA,NA,NA,NA,NA,NA,NA,NA,NA,NA,NA,NA
12989_Inde,B_Industry,,2,2.525781208,53.39290562,0.119244018,NA,NA,NA,NA,NA,NA,NA,NA,NA,NA,NA,NA,NA
12993_Judy,B_Industry,,2,2.351898155,56.69520248,0.493959744,NA,NA,NA,NA,NA,NA,NA,NA,NA,NA,NA,NA,NA
13000_Leman,B_Industry,,2,2.129528591,53.08802758,0.736038101,NA,NA,NA,NA,NA,NA,NA,NA,NA,NA,NA,NA,NA
13006_Mallard,B_Industry,,2,0.7762481096,57.41831775,0.32360782,NA,NA,NA,NA,NA,NA,NA,NA,NA,NA,NA,NA,NA
13013_Montrose,B_Industry,,2,1.40662321,57.4561539,0.673801052,NA,NA,NA,NA,NA,NA,NA,NA,NA,NA,NA,NA,NA
13014_South Morecambe,B_Industry,,2,-3.6341566,53.86018827,0.332796927,NA,NA,NA,NA,NA,NA,NA,NA,NA,NA,NA,NA,NA
13017_Nelson,B_Industry,,2,1.130253479,57.66531367,0.802382178,NA,NA,NA,NA,NA,NA,NA,NA,NA,NA,NA,NA,NA
13020_Ninian Central,B_Industry,,2,1.460003094,60.86122888,0.435429308,NA,NA,NA,NA,NA,NA,NA,NA,NA,NA,NA,NA,NA
13022_Ninian Southern,B_Industry,,2,1.460003094,60.86122888,0.650832433,NA,NA,NA,NA,NA,NA,NA,NA,NA,NA,NA,NA,NA
13025_Otter,B_Industry,,2,0.9642381991,61.52039989,0.126559655,NA,NA,NA,NA,NA,NA,NA,NA,NA,NA,NA,NA,NA
13026_Pelican,B_Industry,,2,1.125343524,61.03329351,0.346453279,NA,NA,NA,NA,NA,NA,NA,NA,NA,NA,NA,NA,NA
13029_Piper Bravo,B_Industry,,2,0.2707238032,58.45889275,0.358100419,NA,NA,NA,NA,NA,NA,NA,NA,NA,NA,NA,NA,NA
13037_Scott,B_Industry,,2,0.2299839099,58.26444105,0.729174938,NA,NA,NA,NA,NA,NA,NA,NA,NA,NA,NA,NA,NA
13039_Shearwater,B_Industry,,2,1.937028625,57.02859846,1.419818368,NA,NA,NA,NA,NA,0.816773128,NA,NA,NA,NA,NA,NA,NA
13043_Tern,B_Industry,,2,0.9048131153,61.27884669,0.377996201,NA,NA,NA,NA,NA,NA,NA,NA,NA,NA,NA,NA,NA
13046_Tiffany,B_Industry,,2,1.271805033,58.48613074,0.427481573,NA,NA,NA,NA,NA,NA,NA,NA,NA,NA,NA,NA,NA
13050_Silvertown,B_Industry,,2,0.04812859247,51.5032896,0.1093965273,NA,NA,NA,NA,NA,NA,NA,NA,NA,NA,NA,NA,NA
13064_Bacton,B_Industry,,2,1.460663777,52.85677563,0.110300415,NA,NA,NA,NA,NA,NA,NA,NA,NA,NA,NA,NA,NA
13160_Kirkby Thore Gypsum Works,B_Industry,,2,-2.550698957,54.63435117,NA,NA,NA,NA,NA,NA,0.650752,NA,NA,NA,NA,NA,NA,NA
13293_Stanlow Manufacturing Complex,B_Industry,,3,-2.838280097,53.26957826,2.54178208,NA,5.218300003,NA,NA,NA,NA,NA,NA,0.02694,NA,NA,NA,NA
13353_Teesside Works,B_Industry,,1,-1.108342328,54.60913732,NA,NA,NA,NA,0.107514,0.35838,NA,NA,NA,NA,NA,NA,NA,NA
13414_Grangemouth,B_Industry,,1,-3.687267509,56.00704415,0.468,1.08,NA,NA,0.09069471788,0.0907,NA,NA,NA,NA,NA,NA,NA,NA
13415_Grangemouth,B_Industry,,2,-3.692202377,56.01389584,0.305,NA,NA,NA,NA,NA,NA,NA,NA,NA,NA,NA,NA,NA
13629_Morayhill,B_Industry,,1,-4.087618433,57.51480484,0.1231036449,NA,NA,NA,NA,NA,NA,NA,NA,NA,0.1349515389,NA,NA,NA
13749_Hexham,B_Industry,,1,-2.085037189,54.97645716,0.1368900829,NA,NA,NA,NA,NA,0.7575959782,NA,NA,NA,0.1322442516,NA,NA,NA
13763_Teesside Hydrogen Plant,B_Industry,,1,-1.213660791,54.60402535,0.118816433,NA,NA,NA,NA,NA,NA,NA,NA,NA,NA,NA,NA,NA
13871_Starlaw Distillery,B_Industry,,1,-3.583826767,55.88844385,NA,0.1013498923,NA,NA,NA,NA,NA,NA,NA,NA,NA,NA,NA,NA
14053_Winnington Sodium Carbonate Manufacturing Site,B_Industry,,1,-2.52547897,53.26786198,0.20122,NA,NA,0.012454,NA,NA,NA,NA,NA,NA,NA,NA,NA,NA
14062_Runcorn,B_Industry,,2,-2.649089977,53.31165803,NA,NA,NA,0.06756,NA,NA,NA,NA,NA,NA,NA,NA,NA,NA
14164_Partington,B_Industry,,1,-2.419371585,53.42558495,0.131,NA,NA,NA,NA,NA,NA,NA,NA,NA,NA,NA,NA,NA
14166_Bridgend Paper Mill,B_Industry,,1,-3.620219532,51.57193063,0.128043,NA,NA,NA,NA,NA,NA,NA,NA,NA,NA,NA,NA,NA
14263_Hope Works,B_Industry,,3,-1.75381243,53.33869965,1.649454,NA,1.439877,0.154178,NA,NA,4.930786,NA,NA,NA,0.12,NA,NA,NA
14290_Whittlesey Brickworks,B_Industry,,2,-0.160510857,52.55833483,NA,0.736,4.49,NA,NA,0.0516,0.922,NA,NA,NA,NA,NA,NA,NA
14395_Smurfitt Kappa Townsend Hook,B_Industry,,1,0.4496369393,51.32948032,0.1230210788,NA,NA,NA,NA,NA,NA,NA,NA,NA,NA,NA,NA,NA
14456_Golden Eagle,B_Industry,,2,-0.9180040223,57.96099663,0.522540211,NA,NA,NA,NA,NA,NA,NA,NA,NA,NA,NA,NA,NA
14484_Banbury,B_Industry,,1,-1.339048278,52.07181341,0.109444,NA,NA,NA,NA,NA,NA,NA,NA,NA,NA,NA,NA,NA
14587_Cauldon Cement Plant,B_Industry,,3,-1.8746695,53.04360281,0.715375,0.108352,NA,0.035424,NA,NA,2.496132,NA,NA,0.04785,0.34,NA,NA,NA
14590_Lindsey Oil Refinery,B_Industry,,3,-0.2570352328,53.63987437,0.7759189999,NA,1.520908,NA,NA,NA,NA,NA,NA,NA,NA,NA,NA,NA
14661_Eggborough,B_Industry,,2,-1.139104036,53.70509514,0.1149504192,NA,NA,NA,NA,NA,NA,NA,NA,NA,NA,NA,NA,NA
14705_Solan,B_Industry,,2,-3.906918933,60.11101695,0.16543538,NA,NA,NA,NA,NA,NA,NA,NA,NA,NA,NA,NA,NA
14708_Clair Ridge,B_Industry,,2,-2.462007923,60.73000064,0.94146093,NA,NA,NA,NA,NA,NA,NA,NA,NA,NA,NA,NA,NA
14709_Glen Lyon FPSO,B_Industry,,1,-4.038633011,60.35169921,2.10545256,NA,NA,NA,NA,NA,0.630807775,NA,NA,NA,NA,NA,NA,NA
14712_Douglas,B_Industry,,3,-3.565572049,53.52911703,0.681243994,NA,0.576505745,NA,NA,NA,NA,NA,NA,NA,NA,NA,NA,NA
14842_Tunstead Quarry,B_Industry,,2,-1.857193637,53.27684585,0.82027,NA,NA,0.0177,NA,NA,1.25099,NA,NA,0.04596,NA,NA,NA,NA
14885_Stella FPF-1,B_Industry,,2,2.063882299,56.8098173,0.229608909,NA,NA,NA,NA,NA,NA,NA,NA,NA,NA,NA,NA,NA
14905_Mariner PDQ,B_Industry,,2,1.114909591,59.58955488,0.640116664,NA,NA,NA,NA,NA,NA,NA,NA,NA,NA,NA,NA,NA
14909_Lomond,B_Industry,,2,2.162664759,57.29432885,0.364524511,NA,NA,NA,NA,NA,NA,NA,NA,NA,NA,NA,NA,NA
14910_North Everest,B_Industry,,2,1.812553788,57.803648,0.220423027,NA,NA,NA,NA,NA,NA,NA,NA,NA,NA,NA,NA,NA
14914_Maydown Works,B_Industry,,2,-7.240135907,55.03192789,NA,NA,NA,NA,NA,NA,NA,NA,NA,0.02084799056,NA,NA,NA,NA
14928_Forties Pipeline System - Kinneil,B_Industry,,2,-3.671933588,56.00591412,0.4070053949,NA,NA,NA,NA,NA,NA,NA,NA,NA,NA,NA,NA,NA
14987_Armada Kraken FPSO,B_Industry,,1,1.295129098,59.92419946,4.409450578,NA,0.151568077,NA,0.05592711313,0.06228154081,1.024197818,NA,NA,NA,NA,NA,NA,NA
14988_BW Catcher,B_Industry,,1,0.7144158064,56.76883838,0.641556008,NA,NA,NA,NA,NA,NA,NA,NA,NA,NA,NA,NA,NA
2597_Lochaber,B_Industry,,1,-5.072433541,56.82894505,NA,NA,0.386597,NA,NA,NA,NA,NA,NA,NA,NA,NA,NA,NA
2611_Irvine,B_Industry,,1,-4.628743832,55.59618238,NA,0.248,NA,NA,NA,NA,NA,NA,NA,NA,NA,NA,NA,NA
2666_Wissington,B_Industry,,1,0.5120374554,52.57044744,NA,NA,NA,0.2868862409,NA,NA,NA,NA,NA,NA,NA,NA,NA,NA
2667_Bury St Edmunds,B_Industry,,2,0.7256753206,52.25545501,NA,NA,NA,0.191257494,NA,NA,NA,NA,NA,NA,NA,NA,NA,NA
2668_Newark,B_Industry,,2,-0.8174159666,53.0881349,NA,NA,NA,0.1530059952,NA,NA,NA,NA,NA,NA,NA,NA,NA,NA
2671_Cantley,B_Industry,,2,1.520346831,52.57537423,NA,NA,NA,0.1434431205,NA,NA,NA,NA,NA,NA,NA,NA,NA,NA
2673_Hexham,B_Industry,,1,-2.085037189,54.97645716,NA,NA,NA,NA,0.5546096216,0.693262027,NA,0.667762174,NA,NA,NA,NA,NA,NA
2674_South Molton,B_Industry,,2,-3.857576448,51.01785457,NA,NA,NA,NA,NA,NA,NA,0.231148445,NA,NA,NA,NA,NA,NA
2675_Chirk,B_Industry,,1,-3.063834969,52.93822587,NA,0.506,NA,NA,0.06896,0.0862,NA,1.232791706,NA,NA,NA,NA,NA,NA
2677_Auchinleck,B_Industry,,1,-4.299985959,55.46838708,0.189089,0.1905418118,NA,NA,NA,NA,NA,NA,NA,NA,NA,NA,NA,NA
2678_Inverness,B_Industry,,1,-4.087618433,57.51480484,NA,0.281291,NA,NA,NA,0.05,NA,NA,NA,NA,NA,NA,NA,NA
2679_Cowie,B_Industry,,1,-3.869383655,56.07853712,0.1979812,0.1086982,NA,NA,NA,0.061011,0.934716,0.4839,NA,NA,NA,NA,NA,NA
2680_Coleraine,B_Industry,,1,-6.635782934,55.10018844,NA,NA,NA,NA,0.08959078504,0.1119884813,NA,NA,NA,NA,NA,NA,NA,NA
2912_Preston,B_Industry,,1,-2.63546647,53.78731256,NA,0.1,NA,NA,NA,NA,NA,NA,NA,NA,NA,NA,NA,NA
3081_Grangemouth,B_Industry,,3,-3.695890109,56.00689889,0.731,NA,3.796,NA,NA,NA,NA,NA,NA,NA,NA,NA,NA,NA
3132_Irvine,B_Industry,,2,-4.668332872,55.61578518,0.229539912,NA,0.28924128,NA,NA,NA,NA,NA,NA,NA,NA,NA,NA,NA
3143_Stirling,B_Industry,,2,-3.922383419,56.112788,NA,NA,NA,0.052964,NA,NA,NA,NA,NA,NA,NA,NA,NA,NA
3149_Alloa,B_Industry,,2,-3.800675227,56.11097456,0.507596,NA,0.252214,NA,NA,NA,NA,NA,NA,NA,NA,NA,NA,NA
3185_Ardmore Distillery,B_Industry,,1,-2.750932218,57.35015428,NA,0.2476795223,NA,NA,NA,NA,NA,NA,NA,NA,NA,NA,NA,NA
3187_Dumbuck Maturation Site,B_Industry,,1,-4.5406919,55.93723857,NA,2.110715125,NA,NA,NA,NA,NA,NA,NA,NA,NA,NA,NA,NA
3188_Glenburgie Distillery,B_Industry,,1,-3.51786818,57.6229974,NA,0.3098053846,NA,NA,NA,NA,NA,NA,NA,NA,NA,NA,NA,NA
3190_Glendronach Distillery,B_Industry,,1,-2.629726431,57.48424147,NA,0.2573731753,NA,NA,NA,NA,NA,NA,NA,NA,NA,NA,NA,NA
3193_Laphroaig Distillery,B_Industry,,1,-6.154339099,55.62898789,NA,0.2199970131,NA,NA,NA,NA,NA,NA,NA,NA,NA,NA,NA,NA
3194_Miltonduff Distillery,B_Industry,,1,-3.369045643,57.62829028,NA,0.2395417612,NA,NA,NA,NA,NA,NA,NA,NA,NA,NA,NA,NA
3197_Strathclyde Distillery,B_Industry,,1,-4.240185499,55.84852483,NA,0.1621598277,NA,NA,NA,NA,NA,NA,NA,NA,NA,NA,NA,NA
3198_Tormore Distillery,B_Industry,,1,-3.413714196,57.39674837,NA,0.2579990613,NA,NA,NA,NA,NA,NA,NA,NA,NA,NA,NA,NA
3199_Westhorn Maturation Site,B_Industry,,1,-4.191343851,55.84021069,NA,0.9696476372,NA,NA,NA,NA,NA,NA,NA,NA,NA,NA,NA,NA
3200_Willowyard Maturation Site,B_Industry,,1,-4.638514769,55.75099022,NA,3.044000975,NA,NA,NA,NA,NA,NA,NA,NA,NA,NA,NA,NA
3204_Great Ryburgh,B_Industry,,1,0.9011553569,52.80949409,NA,0.2438703521,NA,NA,NA,NA,NA,NA,NA,NA,NA,NA,NA,NA
3207_Arbroath,B_Industry,,1,-2.615860424,56.55073622,NA,0.1962259641,NA,NA,NA,NA,NA,NA,NA,NA,NA,NA,NA,NA
3209_Inverness,B_Industry,,1,-4.219186273,57.4894216,NA,0.2779867825,NA,NA,NA,NA,NA,NA,NA,NA,NA,NA,NA,NA
3210_Pencaitland,B_Industry,,1,-2.901077375,55.90733036,NA,0.3679236827,NA,NA,NA,NA,NA,NA,NA,NA,NA,NA,NA,NA
3211_Witham,B_Industry,,1,0.6428128632,51.80667559,NA,0.1696489406,NA,NA,NA,NA,NA,NA,NA,NA,NA,NA,NA,NA
3269_NA,B_Industry,,1,-3.944678282,55.86638496,NA,0.3433496311,NA,NA,NA,NA,NA,NA,NA,NA,NA,NA,NA,NA
3287_Balgray Warehouse,B_Industry,,1,-4.588167684,55.74134745,NA,3.211957798,NA,NA,NA,NA,NA,NA,NA,NA,NA,NA,NA,NA
3288_Burncrook Warehousing,B_Industry,,1,-3.206779594,57.53038228,NA,0.4155632731,NA,NA,NA,NA,NA,NA,NA,NA,NA,NA,NA,NA
3289_Dalmuir Warehouse,B_Industry,,1,-4.435346872,55.90900635,NA,2.164392047,NA,NA,NA,NA,NA,NA,NA,NA,NA,NA,NA,NA
3290_Keith Bond No. 1,B_Industry,,1,-2.960633015,57.54635653,NA,1.558362274,NA,NA,NA,NA,NA,NA,NA,NA,NA,NA,NA,NA
3291_Malcolmburn Warehouse,B_Industry,,1,-3.068741578,57.55239559,NA,5.195493246,NA,NA,NA,NA,NA,NA,NA,NA,NA,NA,NA,NA
3292_NA,B_Industry,,1,-4.417744043,55.85679264,NA,0.363617864,NA,NA,NA,NA,NA,NA,NA,NA,NA,NA,NA,NA
3335_Mossmorren,B_Industry,,2,-3.311499757,56.09303124,0.8974115231,0.6946391925,NA,NA,NA,NA,NA,NA,NA,NA,NA,NA,NA,NA
3354_NA,B_Industry,,1,-3.443936362,55.93797816,NA,1.367895774,NA,NA,NA,NA,NA,NA,NA,NA,NA,NA,NA,NA
3368_Parkmore Distillery,B_Industry,,1,-3.119933252,57.45512173,NA,0.162762282,NA,NA,NA,NA,NA,NA,NA,NA,NA,NA,NA,NA
3369_Buchley Warehouse,B_Industry,,1,-4.245380382,55.9224863,NA,0.3861275412,NA,NA,NA,NA,NA,NA,NA,NA,NA,NA,NA,NA
3370_Glenglassaugh Distillery,B_Industry,,1,-2.736794726,57.67734638,NA,0.1707279505,NA,NA,NA,NA,NA,NA,NA,NA,NA,NA,NA,NA
3377_Balblair Distillery,B_Industry,,1,-4.178573347,57.84243333,NA,0.1284101808,NA,NA,NA,NA,NA,NA,NA,NA,NA,NA,NA,NA
3381_Moffat Distillery,B_Industry,,1,-3.938121102,55.86212085,NA,1.974445001,NA,NA,NA,NA,NA,NA,NA,NA,NA,NA,NA,NA
3383_Springbank Distillery,B_Industry,,1,-5.609172085,55.42560312,NA,0.1695409242,NA,NA,NA,NA,NA,NA,NA,NA,NA,NA,NA,NA
3384_NA,B_Industry,,1,-4.573765611,55.97834643,NA,0.8086168689,NA,NA,NA,NA,NA,NA,NA,NA,NA,NA,NA,NA
3385_NA,B_Industry,,1,-4.40580789,55.87980178,NA,1.751633826,NA,NA,NA,NA,NA,NA,NA,NA,NA,NA,NA,NA
3386_Glenfarclas Distillery,B_Industry,,1,-3.318652091,57.42651827,NA,0.2741354979,NA,NA,NA,NA,NA,NA,NA,NA,NA,NA,NA,NA
3388_Tweedmouth,B_Industry,,1,-2.025263984,55.76196126,NA,0.2544734109,NA,NA,NA,NA,NA,NA,NA,NA,NA,NA,NA,NA
3393_Highland Park Distillery,B_Industry,,1,-2.952895994,58.96646635,NA,0.2775702159,NA,NA,NA,NA,NA,NA,NA,NA,NA,NA,NA,NA
3394_Invergordon Distillery,B_Industry,,1,-4.156758266,57.69388207,NA,2.921832349,NA,NA,NA,NA,NA,NA,NA,NA,NA,NA,NA,NA
3395_Bruichladdich Distillery,B_Industry,,1,-6.360492207,55.76785756,NA,0.1545732812,NA,NA,NA,NA,NA,NA,NA,NA,NA,NA,NA,NA
3397_Tamnavulin Distillery,B_Industry,,1,-3.310391414,57.31787513,NA,0.176094937,NA,NA,NA,NA,NA,NA,NA,NA,NA,NA,NA,NA
3398_Coatbridge Site,B_Industry,,1,-4.008228335,55.85907322,NA,0.2250967729,NA,NA,NA,NA,NA,NA,NA,NA,NA,NA,NA,NA
3399_Westhorn Site,B_Industry,,1,-4.189250571,55.84161404,NA,0.5367692277,NA,NA,NA,NA,NA,NA,NA,NA,NA,NA,NA,NA
3401_Auchroisk Distillery,B_Industry,,1,-3.117638595,57.54699555,NA,1.10481178,NA,NA,NA,NA,NA,NA,NA,NA,NA,NA,NA,NA
3417_Loch Lomond Distillery,B_Industry,,1,-4.577891145,55.99480726,NA,0.7038620584,NA,NA,NA,NA,NA,NA,NA,NA,NA,NA,NA,NA
3418_Macallan Distillery,B_Industry,,1,-3.208817306,57.48446691,NA,1.108867687,NA,NA,NA,NA,NA,NA,NA,NA,NA,NA,NA,NA
3419_Glen Moray Distillery,B_Industry,,1,-3.34463357,57.64379707,NA,0.2261033801,NA,NA,NA,NA,NA,NA,NA,NA,NA,NA,NA,NA
3420_Glenmorangie Distillery,B_Industry,,1,-4.077424306,57.82357357,NA,0.4772093937,NA,NA,NA,NA,NA,NA,NA,NA,NA,NA,NA,NA
3428_Bowmore Distillery,B_Industry,,1,-6.291709828,55.75682738,NA,0.162544049,NA,NA,NA,NA,NA,NA,NA,NA,NA,NA,NA,NA
3430_Linlithgow Warehouses,B_Industry,,1,-3.587970307,55.97574396,NA,0.1774801479,NA,NA,NA,NA,NA,NA,NA,NA,NA,NA,NA,NA
3431_No. 1 C & E Warehouse,B_Industry,,1,-4.046207365,55.82345188,NA,0.3030148866,NA,NA,NA,NA,NA,NA,NA,NA,NA,NA,NA,NA
3434_Dunnikier Maltings,B_Industry,,1,-3.145513906,56.12566397,NA,0.2861628643,NA,NA,NA,NA,NA,NA,NA,NA,NA,NA,NA,NA
3435_Sewerby,B_Industry,,1,-0.1698239406,54.11298848,NA,0.1950962817,NA,NA,NA,NA,NA,NA,NA,NA,NA,NA,NA,NA
3436_Stowmarket,B_Industry,,1,1.017374588,52.17653332,NA,0.139960376,NA,NA,NA,NA,NA,NA,NA,NA,NA,NA,NA,NA
3447_Muirhall Warehouse,B_Industry,,1,-3.60960375,55.84058151,NA,2.149674181,NA,NA,NA,NA,NA,NA,NA,NA,NA,NA,NA,NA
"3448_Slateford Road, Edinburgh",B_Industry,,1,-3.235313814,55.92227593,NA,0.3982481367,NA,NA,NA,NA,NA,NA,NA,NA,NA,NA,NA,NA
3451_Buckie Maltings,B_Industry,,1,-2.946220981,57.67796551,NA,0.2861628643,NA,NA,NA,NA,NA,NA,NA,NA,NA,NA,NA,NA
3452_Bury St Edmunds,B_Industry,,1,0.7234036045,52.2528186,NA,0.3392978812,NA,NA,NA,NA,NA,NA,NA,NA,NA,NA,NA,NA
3453_Carnoustie Maltings,B_Industry,,1,-2.728833027,56.49855573,NA,0.3106911098,NA,NA,NA,NA,NA,NA,NA,NA,NA,NA,NA,NA
3454_Glenesk Maltings,B_Industry,,1,-2.463341629,56.74391339,NA,0.3760997645,NA,NA,NA,NA,NA,NA,NA,NA,NA,NA,NA,NA
3456_West Knapton,B_Industry,,1,-0.6665562508,54.17712206,NA,0.1017893644,NA,NA,NA,NA,NA,NA,NA,NA,NA,NA,NA,NA
3458_Aberlour Distillery,B_Industry,,1,-3.230437243,57.46669526,NA,0.1205651904,NA,NA,NA,NA,NA,NA,NA,NA,NA,NA,NA,NA
3462_Grangemouth,B_Industry,,2,-3.688839134,56.0103475,NA,0.4982,NA,NA,NA,NA,NA,NA,NA,NA,NA,NA,NA,NA
3463_Portgordon,B_Industry,,1,-3.030745578,57.65893512,NA,0.3270432735,NA,NA,NA,NA,NA,NA,NA,NA,NA,NA,NA,NA
3474_Dalry,B_Industry,,1,-4.719029443,55.71844729,NA,0.5961018912,NA,NA,NA,NA,NA,NA,NA,NA,NA,NA,NA,NA
3490_Glenlivet Distillery,B_Industry,,1,-3.338735614,57.34207536,NA,0.1719467155,NA,NA,NA,NA,NA,NA,NA,NA,NA,NA,NA,NA
3491_Longmorn Distillery,B_Industry,,1,-3.290197199,57.60540369,NA,0.1864894464,NA,NA,NA,NA,NA,NA,NA,NA,NA,NA,NA,NA
3492_Strathisla Distillery,B_Industry,,1,-2.953998268,57.54820344,NA,0.1095026165,NA,NA,NA,NA,NA,NA,NA,NA,NA,NA,NA,NA
3509_NA,B_Industry,,1,-4.203922618,55.83302968,NA,0.1731513638,NA,NA,NA,NA,NA,NA,NA,NA,NA,NA,NA,NA
3527_Tomatin Distillery,B_Industry,,1,-4.008727952,57.34096948,NA,0.5246521615,NA,NA,NA,NA,NA,NA,NA,NA,NA,NA,NA,NA
3535_NA,B_Industry,,1,-4.371967545,55.90692757,NA,0.5713995005,NA,NA,NA,NA,NA,NA,NA,NA,NA,NA,NA,NA
3536_Bunnahabhain Distillery,B_Industry,,1,-6.127033468,55.88263138,NA,0.1196910827,NA,NA,NA,NA,NA,NA,NA,NA,NA,NA,NA,NA
3537_Glen Rothes Distillery,B_Industry,,1,-3.209516445,57.52678971,NA,0.3299611916,NA,NA,NA,NA,NA,NA,NA,NA,NA,NA,NA,NA
3538_Tamdhu Distillery,B_Industry,,1,-3.348862702,57.45866531,NA,0.2861877916,NA,NA,NA,NA,NA,NA,NA,NA,NA,NA,NA,NA
3540_Glenallachie Distillery,B_Industry,,1,-3.227044966,57.45551701,NA,0.3116467242,NA,NA,NA,NA,NA,NA,NA,NA,NA,NA,NA,NA
3543_North British Distillery,B_Industry,,1,-3.23708835,55.93979792,NA,0.9989362225,NA,NA,NA,NA,NA,NA,NA,NA,NA,NA,NA,NA
3545_Bushmills Distillery,B_Industry,,1,-6.520962556,55.20170183,NA,2.451516952,NA,NA,NA,NA,NA,NA,NA,NA,NA,NA,NA,NA
3548_Dalmore Distillery,B_Industry,,1,-4.239654343,57.68851527,NA,0.387048208,NA,NA,NA,NA,NA,NA,NA,NA,NA,NA,NA,NA
3551_Isle of Jura Distillery,B_Industry,,1,-5.951775358,55.83265332,NA,0.1495352823,NA,NA,NA,NA,NA,NA,NA,NA,NA,NA,NA,NA
3552_Tomintoul Distillery,B_Industry,,1,-3.412820223,57.31209459,NA,0.1815342896,NA,NA,NA,NA,NA,NA,NA,NA,NA,NA,NA,NA
3563_Roseisle Maltings,B_Industry,,1,-3.47250233,57.67083248,NA,0.3679236827,NA,NA,NA,NA,NA,NA,NA,NA,NA,NA,NA,NA
3564_Blackgrange/Cambus Bonds,B_Industry,,1,-3.86852824,56.13022146,NA,14.57241878,NA,NA,NA,NA,NA,NA,NA,NA,NA,NA,NA,NA
3565_Bonneybridge Warehouses,B_Industry,,1,-3.909084144,56.00137341,NA,1.559574334,NA,NA,NA,NA,NA,NA,NA,NA,NA,NA,NA,NA
3566_Carsebridge Bond,B_Industry,,1,-3.776366483,56.12196628,NA,0.7272357279,NA,NA,NA,NA,NA,NA,NA,NA,NA,NA,NA,NA
3567_Glen Ord Maltings,B_Industry,,1,-4.47798331,57.52298921,NA,0.3679236827,NA,NA,NA,NA,NA,NA,NA,NA,NA,NA,NA,NA
3568_Leven Bonds No 1 & 2,B_Industry,,1,-3.017015583,56.20191228,NA,5.1928094,NA,NA,NA,NA,NA,NA,NA,NA,NA,NA,NA,NA
3569_Menstrie Bond,B_Industry,,1,-3.839813053,56.14990107,NA,3.809330003,NA,NA,NA,NA,NA,NA,NA,NA,NA,NA,NA,NA
3570_Port Ellen Maltings,B_Industry,,1,-6.200255816,55.63334874,NA,0.1521658127,NA,NA,NA,NA,NA,NA,NA,NA,NA,NA,NA,NA
3571_Strathleven Packaging Plant,B_Industry,,1,-4.558205741,55.95294665,NA,0.3415237499,NA,NA,NA,NA,NA,NA,NA,NA,NA,NA,NA,NA
3572_NA,B_Industry,,1,-4.509264215,55.62260513,NA,0.1904665002,NA,NA,NA,NA,NA,NA,NA,NA,NA,NA,NA,NA
3575_Benrinnes Distillery,B_Industry,,1,-3.23838971,57.44352994,NA,0.3049319375,NA,NA,NA,NA,NA,NA,NA,NA,NA,NA,NA,NA
3578_Brackla Distillery,B_Industry,,1,-3.905954198,57.5373923,NA,0.1980879835,NA,NA,NA,NA,NA,NA,NA,NA,NA,NA,NA,NA
3579_Cameronbridge Distillery,B_Industry,,1,-3.054267573,56.18847321,NA,0.4053995693,NA,NA,NA,NA,NA,NA,NA,NA,NA,NA,NA,NA
3587_Dufftown Distillery,B_Industry,,1,-3.128455179,57.43744742,NA,0.5201495202,NA,NA,NA,NA,NA,NA,NA,NA,NA,NA,NA,NA
3592_Glenlossie Distillery,B_Industry,,1,-3.3150965,57.599757,NA,1.18447731,NA,NA,NA,NA,NA,NA,NA,NA,NA,NA,NA,NA
3593_Inchgower Distillery,B_Industry,,1,-2.965347744,57.66135553,NA,0.3562085385,NA,NA,NA,NA,NA,NA,NA,NA,NA,NA,NA,NA
3599_Port Dundas Distillery,B_Industry,,1,-4.24985561,55.87292897,NA,0.158105832,NA,NA,NA,NA,NA,NA,NA,NA,NA,NA,NA,NA
3629_Balvenie Distillery,B_Industry,,1,-3.124175746,57.45325138,NA,0.1906204149,NA,NA,NA,NA,NA,NA,NA,NA,NA,NA,NA,NA
3630_Girvan Distillery,B_Industry,,1,-4.823572651,55.25371998,NA,3.905430175,NA,NA,NA,NA,NA,NA,NA,NA,NA,NA,NA,NA
3631_Glenfiddich Distillery,B_Industry,,1,-3.124175746,57.45325138,NA,3.363128115,NA,NA,NA,NA,NA,NA,NA,NA,NA,NA,NA,NA
3633_Macduff Distillery,B_Industry,,1,-2.511111835,57.65856345,NA,0.2344497699,NA,NA,NA,NA,NA,NA,NA,NA,NA,NA,NA,NA
3642_Belfast,B_Industry,,1,-6.023616991,54.54282278,0.1105581262,NA,NA,NA,NA,NA,NA,NA,NA,NA,NA,NA,NA,NA
40166_North Tees Site,B_Industry,,3,-1.187809838,54.59927135,NA,0.2496,NA,NA,NA,NA,NA,NA,NA,NA,NA,NA,NA,NA
40228_Rotherham Aldwarke Site,B_Industry,,1,-1.323881402,53.44984793,NA,NA,NA,NA,NA,NA,NA,0.85925,NA,NA,NA,NA,NA,0.121
40296_Sullom Voe Terminal,B_Industry,,3,-1.273103111,60.45792758,0.411051746,NA,NA,NA,NA,NA,NA,NA,NA,NA,NA,NA,NA,NA
"40301_Sean PP, PD",B_Industry,,2,2.834945505,53.21955225,0.164729188,NA,NA,NA,NA,NA,NA,NA,NA,NA,NA,NA,NA,NA
40302_BRUCE,B_Industry,,2,1.557739229,59.72547017,0.514712855,NA,NA,NA,NA,NA,NA,NA,NA,NA,NA,NA,NA,NA
40303_Magnus,B_Industry,,2,1.286129592,61.61626253,0.90477353,NA,NA,NA,NA,NA,NA,NA,NA,NA,NA,NA,NA,NA
40350_Wildriggs,B_Industry,,1,-2.776274338,54.65935682,0.12125319,NA,NA,NA,NA,NA,NA,NA,NA,NA,NA,NA,NA,NA
40424_Saltend Chemicals Park,B_Industry,,1,-0.2356389747,53.73565751,NA,0.12693463,NA,NA,NA,NA,NA,NA,NA,NA,NA,NA,NA,NA
40489_Culzean,B_Industry,,2,1.911001431,57.19300049,0.259528888,NA,NA,NA,NA,NA,NA,NA,NA,NA,NA,NA,NA,NA
40491_Cygnus B,B_Industry,,2,2.190007164,54.60000143,0.18677812,NA,NA,NA,NA,NA,NA,NA,NA,NA,NA,NA,NA,NA
40537_Port Talbot Sinter,B_Industry,,3,-3.78335503,51.57747744,1.299400175,NA,2.21670665,NA,0.304889579,0.3811119737,27.15346847,19.5421227,0.033426994,0.052209707,1.71353,NA,NA,0.2748031794
40538_Port Talbot Blast Furnaces,B_Industry,,2,-3.77513703,51.57769199,0.1184872633,0.471810453,0.3081180691,NA,0.1584318969,0.2493471333,9.713134438,0.203171621,0.046364508,0.019608154,NA,NA,NA,1.281681
40539_Port Talbot Oxygen Furnaces,B_Industry,,2,-3.771468759,51.56686672,NA,NA,NA,NA,0.1855861204,0.2120984233,21.6583848,0.58180489,0.088944004,NA,NA,NA,NA,7.272561
40540_Port Talbot Morfa Coke Ovens,B_Industry,,3,-3.774644731,51.55764653,1.603584365,NA,1.149208125,0.0597,0.0773537805,0.1226083731,10.13741642,0.27928102,NA,NA,NA,0.084039315,NA,0.52869
40541_Port Talbot Stockpiles,B_Industry,,1,-3.789405879,51.57720545,NA,NA,NA,NA,0.099,0.33,NA,NA,NA,NA,NA,NA,NA,NA
40542_Port Talbot Power Station,B_Industry,,3,-3.77441866,51.58147963,0.3592814628,NA,0.4467315987,NA,NA,NA,NA,NA,NA,NA,NA,NA,NA,NA
40543_Port Talbot Rolling Mill Furnaces,B_Industry,,3,-3.761814894,51.56908034,0.3328057962,NA,NA,NA,NA,NA,NA,NA,NA,NA,NA,NA,NA,NA
40546_Scunthorpe Sinter,B_Industry,,2,-0.6112975105,53.57547224,0.22476,NA,0.65148,NA,0.568792,0.71099,26.82437,11.86779251,0.24821,0.031706585,6.3,NA,NA,0.153364
40547_Scunthorpe Blast Furnaces,B_Industry,,2,-0.6175496732,53.58104595,NA,0.260478486,0.25896,NA,NA,NA,2.47543,NA,0.025597052,0.010825326,NA,NA,NA,0.707594
40548_Scunthorpe Oxygen Furnaces,B_Industry,,2,-0.5974181489,53.56587178,NA,NA,NA,NA,NA,NA,11.95214,0.31299511,0.04784944,NA,NA,NA,NA,3.912439
40549_Scunthorpe Appleby Coke Ovens,B_Industry,,3,-0.6168753784,53.58735745,0.1358452025,NA,0.2588783866,0.058785,NA,NA,NA,NA,NA,NA,NA,NA,NA,0.225662
40551_Scunthorpe Stockpiles,B_Industry,,1,-0.6094958712,53.58435048,NA,NA,NA,NA,0.158667,0.52889,NA,NA,NA,NA,NA,NA,NA,NA
40552_Scunthorpe Power Station,B_Industry,,3,-0.6213464953,53.58691466,0.13157,NA,0.39708,NA,NA,NA,NA,NA,NA,NA,NA,NA,NA,NA
40553_Scunthorpe Rolling Mill Furnaces,B_Industry,,3,-0.6214127098,53.58952224,0.12121,NA,0.5128,NA,NA,NA,NA,NA,NA,NA,NA,NA,NA,NA
40556_Aoka Mizu,B_Industry,,1,-0.6263111009,57.90053636,0.393439791,NA,NA,NA,NA,NA,NA,NA,NA,NA,NA,NA,NA,NA
40609_Low Moor Chemical Works CLECKHEATON ROAD LOW MOOR WEST YORKSHIRE,B_Industry,,1,-1.755988229,53.75143168,0.14758,NA,NA,NA,NA,NA,NA,NA,NA,NA,NA,NA,NA,NA
40618_Teesside Crude Oil Stabilisation Terminal Seal Sands Cleveland,B_Industry,,2,-1.170709876,54.61582643,0.3971808796,NA,NA,NA,NA,NA,NA,NA,NA,NA,NA,NA,NA,NA
40687_Global Producer III,B_Industry,,1,0.8380030885,58.37300383,1.236789524,NA,NA,NA,NA,NA,NA,NA,NA,NA,NA,NA,NA,NA
40688_Captain FPSO,B_Industry,,1,-1.761072122,58.29841261,0.460888464,NA,NA,NA,NA,NA,NA,NA,NA,NA,NA,NA,NA,NA
40689_Brae Alpha,B_Industry,,2,1.350920999,58.79293963,1.132444989,NA,NA,NA,NA,NA,0.537223887,NA,NA,NA,NA,NA,NA,NA
40690_Captain WPP & BLP Complex (WPP/BLP),B_Industry,,2,-1.761072122,58.29841261,0.509845868,NA,NA,NA,NA,NA,NA,NA,NA,NA,NA,NA,NA,NA
40691_East Brae,B_Industry,,2,1.524626779,58.88138309,0.331899444,NA,NA,NA,NA,NA,NA,NA,NA,NA,NA,NA,NA,NA
40742_Beryl B Platform,B_Industry,,2,1.531715222,59.54972375,0.798303195,NA,NA,NA,NA,NA,NA,NA,NA,NA,NA,NA,NA,NA
40756_Shetland Gas Plant,B_Industry,,2,-1.259848207,60.46837778,0.1839362414,NA,NA,NA,NA,NA,NA,NA,NA,NA,NA,NA,NA,NA
40883_CLIPPER NORTH,B_Industry,,2,1.733765541,53.4682077,0.297553511,NA,NA,NA,NA,NA,NA,NA,NA,NA,NA,NA,NA,NA
40892_COOK,B_Industry,,2,0.8149355789,57.37137257,0.294083521,NA,NA,NA,NA,NA,NA,NA,NA,NA,NA,NA,NA,NA
41010_HEWETT,B_Industry,,2,1.660490565,53.06975082,0.134017856,NA,NA,NA,NA,NA,NA,NA,NA,NA,NA,NA,NA,NA
41112_ALWYN NORTH,B_Industry,,2,1.702726086,60.80761686,0.506707896,NA,NA,NA,NA,NA,NA,NA,NA,NA,NA,NA,NA,NA
41400_Douglas OSI,B_Industry,,2,-3.579993302,53.54000216,0.13244615,NA,NA,NA,NA,NA,NA,NA,NA,NA,NA,NA,NA,NA
4224_Irvine,B_Industry,,1,-4.639652676,55.57968726,0.2327927,NA,NA,NA,NA,NA,NA,NA,NA,NA,NA,NA,NA,NA
43194_Teesside Beam Mill,B_Industry,,1,-1.162763408,54.59029344,0.131,NA,NA,NA,NA,NA,NA,NA,NA,NA,NA,NA,NA,NA
43215_Beryl SPM2 Loading Terminal,B_Industry,,1,1.531715222,59.54972375,0.578082619,NA,NA,NA,NA,NA,0.508565888,NA,NA,NA,NA,NA,NA,NA
4327_Kemsley,B_Industry,,1,0.7512026467,51.36217525,0.2569,NA,NA,NA,NA,NA,NA,NA,NA,NA,NA,NA,NA,NA
43299_Stainless Melting and Continuous Casting Europa Link,B_Industry,,1,-1.400480681,53.39947076,0.1563,NA,NA,NA,NA,0.0989,0.555,0.8,0.0158,0.058,0.1,NA,NA,0.329
43307_Speke Pharmaceutical Works,B_Industry,,1,-2.852269739,53.35469454,NA,NA,NA,NA,NA,NA,3.28,NA,NA,NA,NA,NA,NA,NA
4332_Workington,B_Industry,,1,-3.545783071,54.66689921,0.167,NA,NA,NA,NA,NA,NA,NA,NA,NA,NA,NA,NA,NA
43386_Oak Road Site,B_Industry,,1,-0.3416226291,53.77016125,NA,NA,NA,0.02009,NA,NA,NA,NA,NA,NA,NA,NA,NA,NA
4402_South Ferriby,B_Industry,,2,-0.5274257483,53.67676517,0.273,NA,0.835,NA,NA,NA,NA,NA,NA,NA,NA,NA,NA,NA
4426_Ketton,B_Industry,,2,-0.5463366366,52.63670386,1,NA,NA,0.0334,NA,NA,1.46,NA,NA,0.02754,NA,NA,NA,NA
6441_Haddington Maltings,B_Industry,,1,-2.771912863,55.95570304,NA,0.3679236827,NA,NA,NA,NA,NA,NA,NA,NA,NA,NA,NA,NA
6442_Burghead Maltings,B_Industry,,1,-3.489775121,57.70156953,NA,0.9811298205,NA,NA,NA,NA,NA,NA,NA,NA,NA,NA,NA,NA
6444_Shobnall Maltings,B_Industry,,1,-1.632922769,52.81623955,NA,0.2544734109,NA,NA,NA,NA,NA,NA,NA,NA,NA,NA,NA,NA
6449_Alloa Maltings,B_Industry,,1,-3.799030859,56.11295752,NA,0.2452824551,NA,NA,NA,NA,NA,NA,NA,NA,NA,NA,NA,NA
6480_Ellesmere Port,B_Industry,,2,-2.885651007,53.28352832,NA,0.11069,NA,NA,NA,NA,NA,1.7096,NA,NA,NA,NA,NA,NA
6490_Aberthaw,B_Industry,,3,-3.391271063,51.3987142,0.438744,NA,0.2022577,0.023919403,NA,NA,0.679337,NA,NA,NA,NA,NA,NA,NA
6518_Clitheroe,B_Industry,,3,-2.384434593,53.88832669,0.52825,NA,0.2679,0.02458,NA,NA,1.4928,NA,NA,NA,NA,NA,NA,NA
6571_Wilton,B_Industry,,3,-1.101029346,54.58266112,NA,0.195,NA,NA,NA,NA,NA,NA,NA,NA,NA,NA,NA,NA
6581_West Bromwich,B_Industry,,1,-2.017048805,52.51229777,NA,NA,NA,NA,NA,NA,NA,NA,NA,NA,0.21,NA,NA,NA
6589_Pont-y-felin,B_Industry,,2,-3.014720006,51.67431039,NA,NA,NA,0.05619731,NA,0.05340709061,NA,NA,NA,NA,NA,NA,NA,NA
6590_St Helens,B_Industry,,2,-2.754525323,53.44326301,NA,NA,NA,0.076945,NA,NA,NA,NA,NA,NA,NA,NA,NA,NA
6622_Burton-On-Trent,B_Industry,,1,-1.679113988,52.86434998,0.65301,NA,NA,NA,NA,NA,NA,NA,NA,NA,NA,NA,NA,NA
6666_New Rugby,B_Industry,,3,-1.286037369,52.3762831,1.449,NA,NA,0.015702,NA,NA,2.921,NA,NA,0.086,NA,NA,NA,NA
6700_Shotton,B_Industry,,1,-3.042873264,53.23478479,0.28121001,NA,NA,NA,NA,NA,NA,NA,NA,NA,NA,NA,NA,NA
6982_Grangemouth,B_Industry,,2,-3.692006009,56.00940547,0.3417,NA,NA,NA,NA,NA,NA,NA,NA,NA,NA,NA,NA,NA
7009_Doncaster,B_Industry,,1,-1.136794358,53.50527212,NA,NA,NA,NA,NA,NA,NA,0.635,NA,NA,NA,NA,NA,NA
7013_Padeswood,B_Industry,,2,-3.062008871,53.15497955,0.457924,NA,NA,0.011924,NA,NA,NA,NA,NA,0.05985,NA,NA,NA,NA
7015_Whitwell,B_Industry,,2,-1.198654817,53.27073472,1.8933,NA,NA,NA,NA,NA,NA,0.22,NA,0.019,0.162,NA,NA,NA
7017_Darley Dale,B_Industry,,2,-1.611582898,53.15728643,0.218,NA,0.287,NA,NA,NA,NA,0.471,NA,NA,NA,NA,NA,NA
7059_Bridgend,B_Industry,,2,-3.499994651,51.54539317,NA,NA,0.49036414,0.08658077,NA,NA,NA,NA,NA,NA,NA,NA,NA,NA
7060_Wilton,B_Industry,,1,-1.119380476,54.59268182,NA,NA,NA,0.03024,NA,NA,NA,NA,NA,NA,NA,NA,NA,NA
7137_Chirk,B_Industry,,1,-3.063879072,52.94002341,0.9735667,NA,NA,NA,NA,0.05650458441,0.99629183,NA,NA,NA,NA,NA,NA,NA
7456_Brighouse Bay,B_Industry,,1,-4.100469274,54.78811,NA,NA,NA,NA,NA,NA,0.9990081335,NA,NA,NA,NA,NA,NA,NA
7582_Trafford Park,B_Industry,,1,-2.328132905,53.47863326,0.10569,NA,NA,NA,NA,NA,NA,NA,NA,NA,NA,NA,NA,NA
7702_Billingham,B_Industry,,2,-1.270858269,54.59467727,NA,NA,NA,0.03,NA,NA,NA,NA,NA,NA,NA,NA,NA,NA
7758_Wymington,B_Industry,,1,-0.5889767463,52.26122809,0.237,NA,NA,NA,NA,NA,NA,NA,NA,NA,NA,NA,NA,NA
7795_Swansea,B_Industry,,1,-3.91957252,51.65904724,NA,NA,NA,0.01766,NA,NA,NA,NA,NA,NA,NA,NA,NA,NA
7848_Dunbar,B_Industry,,2,-2.47840021,55.97282607,0.685643304,NA,0.2204346894,NA,NA,NA,3.603760246,NA,NA,NA,NA,NA,NA,NA
7849_Wissington,B_Industry,,1,0.4520833123,52.55127496,0.2593,NA,NA,NA,NA,NA,2.192840284,NA,NA,NA,NA,NA,NA,NA
7851_Cantley,B_Industry,,2,1.519986241,52.57603254,NA,NA,0.2322869982,NA,NA,NA,NA,NA,NA,NA,NA,NA,NA,NA
7856_Lostock,B_Industry,,2,-2.453924992,53.26456045,NA,NA,NA,0.392,NA,NA,1.376,NA,NA,NA,NA,NA,NA,NA
7925_Eastham,B_Industry,,1,-2.945221538,53.31174602,NA,NA,NA,NA,NA,NA,NA,NA,NA,0.015064498,NA,NA,NA,NA
7960_Wigton,B_Industry,,1,-3.164297314,54.82754331,NA,0.35924,NA,NA,NA,NA,NA,NA,NA,NA,NA,NA,NA,NA
7965_Bury St Edmunds,B_Industry,,2,0.7269314903,52.25371734,0.242957,NA,NA,NA,NA,NA,2.052139362,NA,NA,NA,NA,NA,NA,NA
7967_Newark,B_Industry,,2,-0.8174159666,53.0881349,0.1,NA,NA,NA,NA,NA,1.03410896,NA,NA,NA,NA,NA,NA,NA
8029_Workington Mill,B_Industry,,1,-3.544596821,54.6662852,NA,NA,NA,NA,NA,NA,2.469886596,0.2220112552,0.1068862384,NA,0.8222465506,NA,NA,NA
8172_Ince,B_Industry,,2,-2.815853821,53.28088023,0.2601636427,NA,NA,NA,NA,NA,NA,NA,NA,NA,NA,NA,NA,NA
8260_Greengate,B_Industry,,1,-2.742162441,53.44226184,0.24071104,NA,NA,NA,NA,NA,NA,NA,NA,NA,NA,NA,NA,NA
8364_Chirk,B_Industry,,1,-3.063879072,52.94002341,NA,NA,NA,NA,NA,NA,NA,NA,NA,NA,0.2660120423,NA,NA,NA
8543_Wheatley,B_Industry,,2,-1.086639016,53.55191041,0.1424479183,NA,NA,NA,NA,NA,NA,NA,NA,NA,NA,NA,NA,NA
"8572_Sinfin, Derby",B_Industry,,1,-1.466035187,52.88237152,0.297117746,NA,NA,NA,NA,NA,NA,NA,NA,NA,NA,NA,NA,NA
8578_Wilton,B_Industry,,2,-1.122533213,54.59000858,0.1263,NA,NA,NA,NA,NA,NA,NA,NA,NA,NA,NA,NA,NA
8626_Goole,B_Industry,,2,-0.9079206643,53.69845628,0.1144728188,NA,NA,NA,NA,NA,NA,NA,NA,NA,NA,NA,NA,NA
8939_Isle of Grain LNG Installation,B_Industry,,1,0.679316457,51.44805999,0.2262915332,NA,NA,NA,NA,NA,NA,NA,NA,NA,NA,NA,NA,NA
9032_Cowdenbeath,B_Industry,,1,-3.309468438,56.09569452,0.254385948,NA,NA,NA,NA,NA,NA,NA,NA,NA,NA,NA,NA,NA
9047_Flotta Oil Terminal,B_Industry,,2,-3.127800111,58.83752552,0.397525968,NA,NA,NA,NA,NA,NA,NA,NA,NA,NA,NA,NA,NA
9099_Greatham,B_Industry,,2,-1.203584044,54.63172936,NA,NA,NA,NA,NA,NA,10.8318,NA,NA,NA,NA,NA,NA,NA
9146_Portbury,B_Industry,,2,-2.710881574,51.48960975,0.289214,NA,NA,NA,NA,NA,NA,NA,NA,NA,NA,NA,NA,NA
9149_York,B_Industry,,1,-1.078375225,53.97700521,0.115996,NA,NA,NA,NA,NA,NA,NA,NA,NA,NA,NA,NA,NA
9309_Lostock Works,B_Industry,,1,-2.476715343,53.26474113,NA,NA,NA,0.04319,NA,NA,NA,NA,NA,NA,NA,NA,NA,NA
9548_Grimsby,B_Industry,,1,-0.1602583821,53.61469359,NA,NA,NA,NA,NA,NA,8.48264,NA,NA,NA,NA,NA,NA,NA
9606_Felinfach,B_Industry,,1,-4.169025027,52.19667179,NA,NA,NA,NA,NA,NA,NA,NA,0.0104036543,NA,NA,NA,NA,NA
9623_Barnsley,B_Industry,,2,-1.437013437,53.57132988,0.1934567637,NA,NA,NA,NA,NA,NA,NA,NA,NA,NA,NA,NA,NA
9649_Muir of Ord,B_Industry,,1,-4.452930937,57.50535414,0.152466,NA,NA,NA,NA,NA,NA,NA,NA,NA,NA,NA,NA,NA
9949_Tremorfa 2,B_Industry,,1,-3.136104425,51.48010098,NA,NA,NA,NA,NA,NA,1.91938322,1.233,0.059,0.022,0.137,NA,NA,NA
9983_Easington Gas Terminal,B_Industry,,2,0.1136948174,53.66015239,0.162176591,NA,NA,NA,NA,NA,NA,NA,NA,NA,NA,NA,NA,NA
43423_Hemel Hempstead Data Centre,C_OtherStationaryComb,,1,-0.4328663589,51.75779473,0.157151619,NA,NA,NA,NA,NA,NA,NA,NA,NA,NA,NA,NA,NA
8248_Port of Liverpool CHP,C_OtherStationaryComb,,1,-3.006622079,53.4524605,0.1179220194,NA,NA,NA,NA,NA,NA,NA,NA,NA,NA,NA,NA,NA
10529_Harwich,D_Fugitive,,1,1.2460742,51.94349945,NA,0.2730251312,NA,NA,NA,NA,NA,NA,NA,NA,NA,NA,NA,NA
10604_Pembroke Plant,D_Fugitive,,1,-5.02782814,51.68669191,NA,1.641069645,NA,NA,NA,NA,NA,NA,NA,NA,NA,NA,NA,NA
10783_South Killingholme Refinery,D_Fugitive,,1,-0.2440636234,53.63168418,NA,3.105981106,NA,NA,NA,NA,NA,NA,NA,NA,NA,NA,NA,NA
11065_South Hook LNG Terminal,D_Fugitive,,1,-4.988962535,51.71106353,NA,0.2632736627,NA,NA,NA,NA,NA,NA,NA,NA,NA,NA,NA,NA
11077_Dragon LNG Terminal,D_Fugitive,,1,-4.985497107,51.71340021,NA,0.1276512108,NA,NA,NA,NA,NA,NA,NA,NA,NA,NA,NA,NA
11554_Fawley Refinery,D_Fugitive,,1,-1.355224602,50.83644866,NA,2.242781472,NA,NA,NA,NA,NA,NA,NA,NA,NA,NA,NA,NA
12903_Andrew,D_Fugitive,,2,1.406234115,58.0479182,NA,0.191122,NA,NA,NA,NA,NA,NA,NA,NA,NA,NA,NA,NA
12909_Auk,D_Fugitive,,2,2.028010521,56.41226994,NA,0.432295167,NA,NA,NA,NA,NA,NA,NA,NA,NA,NA,NA,NA
12917_Triton FPSO,D_Fugitive,,1,0.800410427,57.18722377,NA,0.477603687,NA,NA,NA,NA,NA,NA,NA,NA,NA,NA,NA,NA
12932_Buzzard,D_Fugitive,,2,-0.978270365,57.8045515,NA,0.243162718,NA,NA,NA,NA,NA,NA,NA,NA,NA,NA,NA,NA
12939_Clair,D_Fugitive,,2,-2.553458506,60.68435896,NA,0.134284,NA,NA,NA,NA,NA,NA,NA,NA,NA,NA,NA,NA
12940_Claymore,D_Fugitive,,2,-0.2717132695,58.4379393,NA,0.124566782,NA,NA,NA,NA,NA,NA,NA,NA,NA,NA,NA,NA
12942_Clyde,D_Fugitive,,2,2.293606324,56.46137568,NA,0.275264344,NA,NA,NA,NA,NA,NA,NA,NA,NA,NA,NA,NA
12945_Cormorant North,D_Fugitive,,2,1.164116565,61.21500534,NA,0.168471438,NA,NA,NA,NA,NA,NA,NA,NA,NA,NA,NA,NA
12957_Elgin PUQ,D_Fugitive,,2,1.839940824,57.01215076,NA,0.792465242,NA,NA,NA,NA,NA,NA,NA,NA,NA,NA,NA,NA
12960_Marnock ETAP,D_Fugitive,,2,1.698854367,57.29266159,NA,0.135622,NA,NA,NA,NA,NA,NA,NA,NA,NA,NA,NA,NA
12968_Forties Charlie,D_Fugitive,,2,0.9746814667,57.73058851,NA,0.147952,NA,NA,NA,NA,NA,NA,NA,NA,NA,NA,NA,NA
12969_Forties Delta,D_Fugitive,,2,0.9746814667,57.73058851,NA,0.147521,NA,NA,NA,NA,NA,NA,NA,NA,NA,NA,NA,NA
12975_Gannet,D_Fugitive,,2,1.004888848,57.177037,NA,0.354820591,NA,NA,NA,NA,NA,NA,NA,NA,NA,NA,NA,NA
12978_Gryphon,D_Fugitive,,2,1.539933699,59.35539565,NA,0.858737153,NA,NA,NA,NA,NA,NA,NA,NA,NA,NA,NA,NA
12980_Pierce FPSO,D_Fugitive,,1,2.261298795,57.14615718,NA,0.605515195,NA,NA,NA,NA,NA,NA,NA,NA,NA,NA,NA,NA
12993_Judy,D_Fugitive,,2,2.351898155,56.69520248,NA,0.136284123,NA,NA,NA,NA,NA,NA,NA,NA,NA,NA,NA,NA
13006_Mallard,D_Fugitive,,2,0.7762481096,57.41831775,NA,0.223526672,NA,NA,NA,NA,NA,NA,NA,NA,NA,NA,NA,NA
13013_Montrose,D_Fugitive,,2,1.40662321,57.4561539,NA,0.103841249,NA,NA,NA,NA,NA,NA,NA,NA,NA,NA,NA,NA
13017_Nelson,D_Fugitive,,2,1.130253479,57.66531367,NA,0.495124588,NA,NA,NA,NA,NA,NA,NA,NA,NA,NA,NA,NA
13026_Pelican,D_Fugitive,,2,1.125343524,61.03329351,NA,0.325011371,NA,NA,NA,NA,NA,NA,NA,NA,NA,NA,NA,NA
13029_Piper Bravo,D_Fugitive,,2,0.2707238032,58.45889275,NA,0.183171426,NA,NA,NA,NA,NA,NA,NA,NA,NA,NA,NA,NA
13037_Scott,D_Fugitive,,2,0.2299839099,58.26444105,NA,0.23285577,NA,NA,NA,NA,NA,NA,NA,NA,NA,NA,NA,NA
13039_Shearwater,D_Fugitive,,2,1.937028625,57.02859846,NA,0.347448948,NA,NA,NA,NA,NA,NA,NA,NA,NA,NA,NA,NA
13043_Tern,D_Fugitive,,2,0.9048131153,61.27884669,NA,0.108326782,NA,NA,NA,NA,NA,NA,NA,NA,NA,NA,NA,NA
13064_Bacton,D_Fugitive,,1,1.460663777,52.85677563,NA,0.20467004,NA,NA,NA,NA,NA,NA,NA,NA,NA,NA,NA,NA
13293_Stanlow Manufacturing Complex,D_Fugitive,,1,-2.838280097,53.26957826,NA,4.034959327,NA,NA,NA,NA,NA,NA,NA,NA,NA,NA,NA,NA
14590_Lindsey Oil Refinery,D_Fugitive,,1,-0.2570352328,53.63987437,NA,2.440047646,NA,NA,NA,NA,NA,NA,NA,NA,NA,NA,NA,NA
14712_Douglas,D_Fugitive,,3,-3.565572049,53.52911703,NA,0.257948074,NA,NA,NA,NA,NA,NA,NA,NA,NA,NA,NA,NA
14905_Mariner PDQ,D_Fugitive,,2,1.114909591,59.58955488,NA,0.110773368,NA,NA,NA,NA,NA,NA,NA,NA,NA,NA,NA,NA
14928_Forties Pipeline System - Kinneil,D_Fugitive,,1,-3.671933588,56.00591412,NA,2.656543907,NA,NA,NA,NA,NA,NA,NA,NA,NA,NA,NA,NA
14987_Armada Kraken FPSO,D_Fugitive,,1,1.295129098,59.92419946,NA,2.09137309,NA,NA,NA,NA,NA,NA,NA,NA,NA,NA,NA,NA
14988_BW Catcher,D_Fugitive,,1,0.7144158064,56.76883838,NA,3.072886093,NA,NA,NA,NA,NA,NA,NA,NA,NA,NA,NA,NA
3081_Grangemouth,D_Fugitive,,1,-3.695890109,56.00689889,NA,0.9526560292,NA,NA,NA,NA,NA,NA,NA,NA,NA,NA,NA,NA
40296_Sullom Voe Terminal,D_Fugitive,,1,-1.273103111,60.45792758,NA,1.502592464,NA,NA,NA,NA,NA,NA,NA,NA,NA,NA,NA,NA
40556_Aoka Mizu,D_Fugitive,,1,-0.6263111009,57.90053636,NA,0.840157397,NA,NA,NA,NA,NA,NA,NA,NA,NA,NA,NA,NA
40618_Teesside Crude Oil Stabilisation Terminal Seal Sands Cleveland,D_Fugitive,,1,-1.170709876,54.61582643,NA,0.93700516,NA,NA,NA,NA,NA,NA,NA,NA,NA,NA,NA,NA
40687_Global Producer III,D_Fugitive,,1,0.8380030885,58.37300383,NA,1.11212952,NA,NA,NA,NA,NA,NA,NA,NA,NA,NA,NA,NA
40689_Brae Alpha,D_Fugitive,,2,1.350920999,58.79293963,NA,0.199047038,NA,NA,NA,NA,NA,NA,NA,NA,NA,NA,NA,NA
40691_East Brae,D_Fugitive,,2,1.524626779,58.88138309,NA,0.108591,NA,NA,NA,NA,NA,NA,NA,NA,NA,NA,NA,NA
40739_Western Isles FPSO,D_Fugitive,,1,1.716544734,60.27061331,NA,0.165217,NA,NA,NA,NA,NA,NA,NA,NA,NA,NA,NA,NA
40742_Beryl B Platform,D_Fugitive,,2,1.531715222,59.54972375,NA,0.203472596,NA,NA,NA,NA,NA,NA,NA,NA,NA,NA,NA,NA
40892_COOK,D_Fugitive,,2,0.8149355789,57.37137257,NA,1.035759945,NA,NA,NA,NA,NA,NA,NA,NA,NA,NA,NA,NA
41400_Douglas OSI,D_Fugitive,,2,-3.579993302,53.54000216,NA,0.504977851,NA,NA,NA,NA,NA,NA,NA,NA,NA,NA,NA,NA
43215_Beryl SPM2 Loading Terminal,D_Fugitive,,1,1.531715222,59.54972375,NA,2.814919,NA,NA,NA,NA,NA,NA,NA,NA,NA,NA,NA,NA
6649_Milford Haven,D_Fugitive,,1,-4.988101253,51.7111754,NA,0.118337,NA,NA,NA,NA,NA,NA,NA,NA,NA,NA,NA,NA
8939_Isle of Grain LNG Installation,D_Fugitive,,1,0.679316457,51.44805999,NA,0.1762174426,NA,NA,NA,NA,NA,NA,NA,NA,NA,NA,NA,NA
9047_Flotta Oil Terminal,D_Fugitive,,1,-3.127800111,58.83752552,NA,0.320780628,NA,NA,NA,NA,NA,NA,NA,NA,NA,NA,NA,NA
11034_Bangor,E_Solvents,,1,-5.665539266,54.64442576,NA,0.197842,NA,NA,NA,NA,NA,NA,NA,NA,NA,NA,NA,NA
13851_Caerphilly,E_Solvents,,1,-3.225657112,51.58941236,NA,0.122,NA,NA,NA,NA,NA,NA,NA,NA,NA,NA,NA,NA
2623_Erith,E_Solvents,,1,0.1693785459,51.4925659,NA,0.2873870817,NA,NA,NA,NA,NA,NA,NA,NA,NA,NA,NA,NA
2624_Hull,E_Solvents,,1,-0.3298841607,53.76313058,NA,0.1709720919,NA,NA,NA,NA,NA,NA,NA,NA,NA,NA,NA,NA
2625_Bootle (Regent Road),E_Solvents,,1,-3.018164379,53.45087051,NA,0.1687023245,NA,NA,NA,NA,NA,NA,NA,NA,NA,NA,NA,NA
2626_Bootle (North Gladstone Dock),E_Solvents,,1,-3.012850622,53.45474495,NA,0.3362068735,NA,NA,NA,NA,NA,NA,NA,NA,NA,NA,NA,NA
2628_Wigton,E_Solvents,,1,-3.164297314,54.82754331,NA,0.827,NA,NA,NA,NA,NA,NA,NA,NA,NA,NA,NA,NA
2658_Basildon,E_Solvents,,1,0.5201634255,51.58470203,NA,0.246755,NA,NA,NA,NA,NA,NA,NA,NA,NA,NA,NA,NA
2847_Midsomer Norton,E_Solvents,,1,-2.479267044,51.29172713,NA,0.1,NA,NA,NA,NA,NA,NA,NA,NA,NA,NA,NA,NA
2854_Bridgnorth,E_Solvents,,1,-2.402353967,52.52698703,NA,0.1635,NA,NA,NA,NA,NA,NA,NA,NA,NA,NA,NA,NA
2946_Worcester,E_Solvents,,1,-2.199747206,52.21644403,NA,0.103257,NA,NA,NA,NA,NA,NA,NA,NA,NA,NA,NA,NA
2961_Stevenston,E_Solvents,,1,-4.738299361,55.62835468,NA,0.109248,NA,NA,NA,NA,NA,NA,NA,NA,NA,NA,NA,NA
2974_Earby,E_Solvents,,1,-2.142974739,53.91800504,NA,0.15,NA,NA,NA,NA,NA,NA,NA,NA,NA,NA,NA,NA
2986_Gillingham,E_Solvents,,1,0.5792335901,51.36465036,NA,0.231798,NA,NA,NA,NA,NA,NA,NA,NA,NA,NA,NA,NA
3062_Cramlington,E_Solvents,,1,-1.598569248,55.09659075,NA,0.111,NA,NA,NA,NA,NA,NA,NA,NA,NA,NA,NA,NA
3274_Botcherby,E_Solvents,,1,-2.90569639,54.88816243,NA,0.3569326712,NA,NA,NA,NA,NA,NA,NA,NA,NA,NA,NA,NA
3275_Leicester,E_Solvents,,1,-1.195826593,52.63066462,NA,0.3917952157,NA,NA,NA,NA,NA,NA,NA,NA,NA,NA,NA,NA
3301_Wrexham,E_Solvents,,1,-2.927594258,53.03825229,NA,0.3614310865,NA,NA,NA,NA,NA,NA,NA,NA,NA,NA,NA,NA
3343_Halewood,E_Solvents,,1,-2.826170035,53.34912522,NA,0.1677859144,NA,NA,NA,NA,NA,NA,NA,NA,NA,NA,NA,NA
3372_Swindon,E_Solvents,,1,-1.740871745,51.59388328,NA,0.2694404697,NA,NA,NA,NA,NA,NA,NA,NA,NA,NA,NA,NA
3411_Leyland,E_Solvents,,1,-2.698169603,53.69690158,NA,0.2439986957,NA,NA,NA,NA,NA,NA,NA,NA,NA,NA,NA,NA
3445_Sunderland,E_Solvents,,1,-1.467965414,54.92003157,NA,0.7674468158,NA,NA,NA,NA,NA,NA,NA,NA,NA,NA,NA,NA
3469_Milton Keynes,E_Solvents,,1,-0.7078916286,52.0528918,NA,0.3104977084,NA,NA,NA,NA,NA,NA,NA,NA,NA,NA,NA,NA
3470_Wakefield,E_Solvents,,1,-1.520886403,53.71654114,NA,0.1734292466,NA,NA,NA,NA,NA,NA,NA,NA,NA,NA,NA,NA
3478_Cowley,E_Solvents,,1,-1.191622942,51.73625679,NA,0.2740900527,NA,NA,NA,NA,NA,NA,NA,NA,NA,NA,NA,NA
3480_Solihull,E_Solvents,,1,-1.771271528,52.43537597,NA,0.497400847,NA,NA,NA,NA,NA,NA,NA,NA,NA,NA,NA,NA
3558_Burnaston,E_Solvents,,1,-1.573936749,52.87308079,NA,0.2740172331,NA,NA,NA,NA,NA,NA,NA,NA,NA,NA,NA,NA
4907_Warmley,E_Solvents,,1,-2.475364608,51.45516769,NA,0.183,NA,NA,NA,NA,NA,NA,NA,NA,NA,NA,NA,NA
6996_Luton,E_Solvents,,1,-0.396600613,51.87384839,NA,0.425537,NA,NA,NA,NA,NA,NA,NA,NA,NA,NA,NA,NA
7828_Castleford,E_Solvents,,1,-1.389877791,53.71122714,NA,0.242948,NA,NA,NA,NA,NA,NA,NA,NA,NA,NA,NA,NA
9682_Dundee,E_Solvents,,1,-2.955034919,56.46843356,NA,0.1018,NA,NA,NA,NA,NA,NA,NA,NA,NA,NA,NA,NA
9860_Killyhevlin Industrial Esate,E_Solvents,,1,-7.61949145,54.33155621,NA,0.171967,NA,NA,NA,NA,NA,NA,NA,NA,NA,NA,NA,NA
12040_Fawley High Temperature Incinerator,J_Waste,,2,-1.387645792,50.84946463,0.170296,NA,NA,NA,NA,NA,NA,NA,NA,NA,NA,NA,NA,NA
13408_Cumbernauld,J_Waste,,1,-3.95529206,55.96938455,0.1401218925,NA,NA,NA,NA,NA,NA,NA,NA,NA,NA,NA,NA,NA
41326_Cheddleton Site,J_Waste,,1,-2.041730725,53.05238055,0.283974,NA,NA,NA,NA,NA,NA,NA,NA,NA,NA,NA,NA,NA
43140_Hooton Park Sustainable Energy Facility,J_Waste,,2,-2.945221538,53.31174602,0.114,NA,NA,NA,NA,NA,NA,NA,NA,NA,0.24,NA,NA,NA
43224_Milton Keynes Waste Recovery Park,J_Waste,,1,-0.8182083024,52.06772497,0.1249097072,NA,NA,NA,NA,NA,NA,NA,NA,NA,NA,NA,NA,NA
43311_London Sustainable Industries Park,J_Waste,,1,0.137292502,51.52112294,0.110675441,NA,NA,NA,NA,NA,NA,NA,NA,NA,NA,NA,NA,NA
9454_Porton Down,J_Waste,,2,-1.708849125,51.1296656,NA,NA,NA,NA,NA,NA,NA,NA,NA,NA,1.78,NA,NA,NA
"9884_Lower Chapel Bridge Yard, Newport",J_Waste,,1,-3.133749902,51.63524084,0.1811005248,NA,NA,NA,NA,NA,NA,NA,NA,NA,NA,NA,NA,NA