Name,Closed,Location,District/ county,Region,lat,lon,Type,Total capacity (MW),Opened,Years Operational,Post Closure Land use?,Remediation Type,Site Area (ha),Waste Type,annual_rainfall_mm,ash_lagoon_ha_final,species_before,species_5yr,species_10yr,species_20yr,species_now,contamination_index,contamination_level,soil_ph,soil_pb_mgkg,soil_as_mgkg,dist_any_intact_closure_km,dist_1ha_patch_closure_km,dist_5ha_patch_closure_km,dist_freshwater_closure_km,dist_saltwater_closure_km,dist_any_intact_now_km,dist_1ha_patch_now_km,dist_5ha_patch_now_km,dist_freshwater_now_km,dist_saltwater_now_km
Acton Lane B,1983,North Acton,Ealing,Greater London,51.53055556,-0.2558333333,Coal,150,1950,33,Brownfield,Partial,45,Very High Hazard,653.1,22.5,306,295,508,833,1686,0.168,Low,5.1,142,0,0.973,0.973,2.432,3.9,,1.262,1.262,3.9,3.9,
Agecroft A,1992,Pendlebury,Salford,North West,53.51527778,-2.300833333,Coal,100,1925,67,Redeveloped,Partial,30,Very High Hazard,971.3,19,214,176,164,431,1186,0.188,Low,4,206,0,0.071,0.071,0.071,0.071,,0.025,0.025,0.025,0.112,
Agecroft B,1992,Pendlebury,Salford,North West,53.51527778,-2.300833333,Coal,120,1962,30,Redeveloped,Partial,36,Very High Hazard,971.3,19,214,176,164,431,1186,0.188,Low,4,206,0,0.071,0.071,0.071,0.071,,0.025,0.025,0.025,0.112,
Agecroft C,1992,Pendlebury,Salford,North West,53.51527778,-2.300833333,Coal,240,1962,30,Redeveloped,Partial,72,Very High Hazard,971.3,19,214,176,164,431,1186,0.188,Low,4,206,0,0.071,0.071,0.071,0.071,,0.025,0.025,0.025,0.112,
Ashford B,1981,Ashford,Kent,South East,51.14555556,0.8688888889,Diesel,10,1954,27,Remediation then redevelopment,Partial,0.4,Medium Hazard,659.8,,198,397,289,397,1050,0.149,Low,4.3,42,0,0.15,1.354,1.354,1.503,,0.785,0.95,1.503,1.503,
Bankside B,1981,Bankside,Southwark,Greater London,51.50694444,-0.09861111111,Oil,300,1952,29,Redeveloped,Full,30,High Hazard,640.7,,249,151,221,303,2038,0.151,Low,4,206,0,0.15,0.15,0.15,0.15,,0.15,0.15,0.15,0.15,8.377
Barking C,1981,Creekmouth,Barking and Dagenham,Greater London,51.51638889,0.1111111111,Coal,220,1954,27,Remediation,Full,66,Very High Hazard,640.7,33,123,270,218,482,1134,0.115,Low,6,104,0,0.146,0.146,0.146,0.177,0.246,0.177,0.177,0.177,0.177,0.226
Barking Reach,2016,Dagenham,Barking and Dagenham,Greater London,51.52111111,0.1469444444,CCGT,1000,1995,21,Redeveloped,Full,75,Low Hazard,620.3,,547,1411,,,1126,0.115,Low,6,104,0,0.168,0.168,0.168,0.168,,0.168,0.168,0.168,0.168,0.654
Battersea B,1983,Battersea,Wandsworth,Greater London,51.48166667,-0.1447222222,Coal,503,1955,28,Redeveloped,Full,150.9,Very High Hazard,653.1,75.5,131,212,202,537,2865,0.378,Low,5.8,807,0,0.19,0.19,0.19,0.19,,0.19,0.19,0.19,0.19,
Berkeley 1,1989,Berkeley,Gloucestershire,South West,51.6925,-2.493611111,Nuclear (magnox),138,1962,27,"Decomissioning, restricted site",Partial (nuclear),20.7,Extreme Hazard,713.8,,532,610,400,353,668,0.123,Low,6,73,0,0.18,0.18,0.18,2.857,0.318,0.18,0.18,0.23,1.738,0.318
Berkeley 2,1988,Berkeley,Gloucestershire,South West,51.6925,-2.493611111,Nuclear (magnox),138,1962,26,"Decomissioning, restricted site",Partial (nuclear),20.7,Extreme Hazard,706,,595,629,323,400,668,0.123,Low,6,73,0,0.18,0.18,0.18,2.857,0.318,0.18,0.18,0.23,1.738,0.318
Blackwall Point,1981,Greenwich Peninsula,Greenwich,Greater London,51.49777778,0.01138888889,Coal,100.5,1900,81,Redeveloped,Partial,30.1,Very High Hazard,640.7,15.1,136,106,143,375,1946,0.204,Low,7.1,301,0,0.079,0.079,0.079,0.079,6.876,0.112,0.112,0.112,0.112,0.711
Blyth A,1999,Cambois,Northumberland,North East,55.1425,-1.526944444,Coal,480,1958,41,Partially Demolished,Passive rewilding,144,Very High Hazard,598.3,72,259,279,504,844,763,0.127,Low,5.8,68,2,0.025,0.025,0.025,0.649,0.15,0.202,0.202,0.202,2.226,0.202
Blyth B,2001,Cambois,Northumberland,North East,,,Coal,1250,1962,39,Partially Demolished,Passive rewilding,375,Very High Hazard,,187.5,,,,,,,,,,,,,,,,,,,,
Bold,1990,Bold,Liverpool City Region,North West,53.43388889,-2.688333333,Coal,300,1960,30,Redeveloped,Partial,90,Very High Hazard,961.7,19.9,834,871,1418,1305,1166,0.147,Low,6.8,75,0,0.225,0.225,0.225,0.246,10.028,0.15,0.15,0.15,0.15,
Bradwell A,2002,Bradwell-on-Sea,Essex,East,51.74138889,0.8969444444,Nuclear (magnox),123,1962,40,"Decomissioning, restricted site",Partial (nuclear),18.4,Extreme Hazard,616.2,,497,433,656,548,511,0.182,Low,6.8,21,4.4,0.079,0.079,0.079,1.691,0.212,0.215,0.215,0.25,1.704,0.25
Brunswick Wharf,1984,Blackwall,Tower Hamlets,Greater London,51.50805556,0.001111111111,Coal+oil,340,1952,32,Redeveloped,Partial,102,Very High Hazard,651.5,51,139,115,265,457,2408,0.204,Low,7.1,301,0,0,0,0,0,7.426,0,0,0,0,1.747
Bulls Bridge,1993,Hayes,Hillingdon,Greater London,51.50194444,-0.4088888889,OCGT,280,1980,13,Redeveloped,Partial,42,Low Hazard,608,,72,211,305,438,987,0.209,Low,7.3,160,0,0.25,0.25,0.577,2.68,,0.2,0.2,0.326,1.562,
Calder Hall,2003,Seascale,Cumbria,North West,54.42055556,-3.4975,Nuclear (magnox),200,1956,47,"Decomissioning, restricted site",Partial (nuclear),30,Extreme Hazard,1448.5,,98,61,103,306,292,0.136,Low,5.8,38,4.8,0.175,0.175,0.175,3.26,0.175,0.656,0.656,0.91,2.312,5.209
Carrington Coal,1991,Carrington,Greater Manchester,North West,53.43583333,-2.410833333,Coal,240,1956,35,New energy site,Partial,72,Very High Hazard,954.3,9.3,144,499,674,686,1011,0.201,Low,5,200,0,0.146,0.146,0.146,0.2,,0.2,0.2,0.2,0.2,
Castle Donington,1995,Castle Donington,Leicestershire,East Midlands,52.84777778,-1.358611111,Coal,600,1958,37,Redeveloped,Partial,180,Very High Hazard,636.8,90,528,455,699,893,816,0.09,Low,5.7,30,0,0.546,0.546,0.546,0.61,,0.498,0.546,0.546,0.546,
Chadderton B,1982,Chadderton,Greater Manchester,North West,53.53166667,-2.165833333,Coal,240,1955,27,Redeveloped,Partial,72,Very High Hazard,997.1,36,16,42,65,396,749,0.419,Low,4.9,57,0,0.177,0.177,0.177,0.195,,0.453,0.846,1.061,2.457,
Cliff Quay[6],1984,Ipswich,Suffolk,East,52.03583333,1.157777778,Coal,276,,,Redeveloped,Partial,82.8,Very High Hazard,654.5,41.4,1161,891,1211,1535,1305,0.043,Low,6.6,29,0,0,0,0,0.175,0,0,0,0,0,0.84
Cottam,2019,Cottam,Nottinghamshire,East Midlands,53.30388889,-0.7813888889,Coal,2000,1968,51,Remediation,Full,600,Very High Hazard,664.4,43.6,554,589,,,508,0.055,Low,6.9,29,0,0.255,0.498,0.863,0.309,,0.432,0.432,0.756,1.208,
Croydon B,1984,Purley,Croydon,Greater London,51.37888889,-0.1211111111,Coal,338,1950,34,Redeveloped,Partial,101.4,Very High Hazard,651.5,50.7,704,1038,750,690,1559,0.19,Low,7.2,182,0,0.617,0.617,1.277,1.277,,1.217,1.352,1.985,1.217,
Deptford West,1983,Deptford,Greater London,Greater London,51.4825,-0.02027777778,Coal,158,1929,54,Redeveloped,Full,47.4,Very High Hazard,644.6,23.7,46,138,259,540,2323,0.204,Low,7.1,301,0,0.127,0.127,0.127,0.127,9.457,0.146,0.146,0.146,0.146,3.411
Derwenthaugh Coke Works,1986,Swalwell,Tyne and Wear,North East,,,Waste Gas,,1928,58,Active remediation and rewilding,Full,,Medium Hazard,,,,,,,,,,,,,,,,,,,,,,
Didcot A,2013,Didcot,Oxfordshire,South East,51.62361111,-1.2675,Coal,2109,1970,43,Brownfield,Full,632.7,Very High Hazard,642.3,53.2,1209,1300,1514,,1401,0.078,Low,6.6,42,0,0.202,0.202,0.202,0.301,,0.135,0.175,0.214,0.381,
Doncaster B,1983,Doncaster,South Yorkshire,Yorkshire and the Humber,53.52416667,-1.146111111,Coal,122,1953,30,Brownfield,Partial,36.6,Very High Hazard,749,18.3,381,242,566,1308,1078,0.102,Low,3.7,71,0,0.106,0.106,0.106,0.106,3.89,0.106,0.106,0.106,0.106,
Drakelow A,1984,Burton upon Trent,Derbyshire,East Midlands,52.77361111,-1.656666667,Coal,240,1955,29,Redeveloped,Full,72,Very High Hazard,750.3,3.6,130,52,302,475,704,0.147,Low,5.4,56,0,0.329,0.329,0.329,0.403,,0.334,0.334,0.403,0.696,
Drakelow B,1993,Burton upon Trent,Derbyshire,East Midlands,52.77361111,-1.656666667,Coal,480,1959,34,Renewable energy site,Full,144,Very High Hazard,721.3,3.6,192,407,379,559,704,0.147,Low,5.4,56,0,0.329,0.329,0.329,0.403,,0.334,0.334,0.403,0.696,
Drakelow C,2003,Burton upon Trent,Derbyshire,East Midlands,52.77361111,-1.656666667,Coal,1450,1964,39,Passive rewilding and redevelopment,Passive rewilding,435,Very High Hazard,734.3,3.6,400,620,559,892,704,0.147,Low,5.4,56,0,0.1,0.1,0.1,0.354,0.498,0.334,0.334,0.403,0.696,
Dungeness A1,2006,Dungeness,Kent,South East,50.91388889,0.9638888889,Nuclear (magnox),285,1965,41,"Decomissioning, restricted site",Partial (nuclear),42.8,Extreme Hazard,648.1,,1195,1320,1341,,1187,0.091,Low,7.9,26,0,0.079,0.079,0.079,,,0.079,0.079,0.079,1.225,0.325
Dungeness A2,2006,Dungeness,Kent,South East,50.91388889,0.9638888889,Nuclear (magnox),285,1965,41,"Decomissioning, restricted site",Partial (nuclear),42.8,Extreme Hazard,648.1,,1195,1320,1341,,1187,0.091,Low,7.9,26,0,0.079,0.079,0.079,,,0.079,0.079,0.079,1.225,0.325
Dungeness B1,2021,Dungeness,Kent,South East,50.91388889,0.9638888889,Nuclear (AGR),660,1983,38,"Decomissioning, restricted site",Partial (nuclear),99,Extreme Hazard,717.9,,1554,,,,1187,0.091,Low,7.9,26,0,0.152,0.168,0.168,0.376,1.029,0.079,0.079,0.079,1.225,0.325
Dunston B,1981,Dunston,Tyne and Wear,North East,54.95055556,-1.657222222,Coal,300,1951,30,Redeveloped,Partial,90,Very High Hazard,728.3,45,93,302,111,255,1201,0.08,Low,5.5,51,2.8,0.05,0.05,0.05,2.462,1.074,0.075,0.075,0.075,1.613,1.145
Earley[21],1982,Earley,Berkshire,South East,,,Diesel-fired gas turbine,111,1965,17,Redeveloped,Partial,3.33,Medium Hazard,,,,,,,,,,,,,,,,,,,,,,
East Yelland,1984,Yelland,Devon,South West,,,Coal,170,1955,29,Brownfield,Partial,51,Very High Hazard,,25.5,,,,,,,,,,,,,,,,,,,,
Eggborough,2018,Eggborough,North Yorkshire,Yorkshire and the Humber,53.71166667,-1.126944444,Coal,1960,1967,51,Remediation,Partial,588,Very High Hazard,698.2,294,90,156,,,175,0.317,Low,7,78,6.4,0.28,0.28,0.28,0.407,12.564,0.261,0.27,0.416,0.378,
Elland,1991,Elland,West Yorkshire,Yorkshire and the Humber,53.69444444,-1.822777778,Coal,180,1959,32,Redeveloped,Partial,54,Very High Hazard,865.1,27,43,269,528,575,716,0.165,Low,5.6,78,0,0.1,0.1,0.1,0.302,,0.224,0.224,0.224,0.224,
Fawley,2013,Fawley,Hampshire,South East,50.81666667,-1.328888889,Oil,968,1971,42,Brownfield,Full,96.8,High Hazard,660.8,,987,905,930,,815,0.038,Low,5.8,27,0,0.141,0.141,0.141,1.532,0.772,0.301,0.301,0.336,1.532,0.866
Ferrybridge B,1992,Ferrybridge,West Yorkshire,Yorkshire and the Humber,53.7175,-1.280555556,Coal,300,1959,33,Brownfield,Full,90,Very High Hazard,639.8,45,277,413,493,604,725,0.097,Low,7.6,54,0,0.1,0.285,0.673,0.285,,0.673,0.673,0.673,0.673,
Ferrybridge C,2016,Ferrybridge,West Yorkshire,Yorkshire and the Humber,53.7175,-1.280555556,Coal,2000,1966,50,Brownfield,Full,600,Very High Hazard,683.2,300,560,552,,,725,0.097,Low,7.6,54,0,0.285,0.285,0.673,0.285,,0.673,0.673,0.673,0.673,
Fiddlers Ferry,2020,Widnes – Warrington,Cheshire,North West,53.37194444,-2.686944444,Coal,1989,1971,49,Remediation then redevelopment,Partial,596.7,Very High Hazard,914.1,35.5,1652,1399,,,1399,0.188,Low,7.2,118,0,0.276,0.302,0.302,1.18,,0.28,0.28,0.28,0.403,
Goldington,1983,Bedford,Bedfordshire,East,52.1375,-0.4275,Coal,180,1954,29,Redeveloped,Partial,54,Very High Hazard,637.3,28.2,326,597,531,946,888,0.112,Low,7.9,31,0,0.325,0.326,0.326,0.325,,0.325,0.335,0.335,0.325,
Grain Oil,2012,Grain,Kent,South East,51.44527778,0.715,Oil,1300,1979,33,New energy site,Partial,130,High Hazard,689.1,,718,763,367,,348,0.172,Low,5.8,50,0,0.212,0.212,0.212,0.673,0.515,0.515,0.515,0.515,0.673,0.515
Great Yarmouth B,1994,Great Yarmouth,Norfolk,East,52.58388889,1.733333333,Oil,252,1958,36,New energy site,Partial,25.2,High Hazard,629.3,,583,565,764,1094,822,0.09,Low,6.6,44,0,0.158,0.158,0.158,1.573,0.46,0.182,0.182,0.182,5.154,0.602
Hams Hall B,1981,Birmingham,Warwickshire,West Midlands,52.52472222,-1.705277778,Coal,306,1942,39,Remediation then redevelopment,Full,91.8,Very High Hazard,705.9,45.9,341,388,213,959,730,0.155,Low,5.1,61,0,0,0,0.576,0,,0.246,0.47,0.47,0.637,
Hams Hall C,1992,Birmingham,Warwickshire,West Midlands,52.52472222,-1.705277778,Coal,357,1958,34,Remediation then rewilding,Full,107.1,Very High Hazard,692.7,53.5,213,984,593,947,730,0.155,Low,5.1,61,0,0,0,0.576,0,,0.246,0.47,0.47,0.637,
High Marnham,2003,Dunham,Nottinghamshire,East Midlands,53.22888889,-0.7925,Coal,945,1959,44,Renewable energy site,Full,283.5,Very High Hazard,625.7,141.8,211,119,346,533,502,0.199,Low,7.7,31,0,0.1,0.1,0.1,0.372,0.936,0.47,0.605,0.605,0.605,
Hinkley Point A,2000,Hinkley Point,Somerset,South West,51.20861111,-3.133611111,Nuclear (magnox),470,1957,43,"Decomissioning, restricted site",Partial (nuclear),70.5,Extreme Hazard,802.3,,97,112,241,193,278,0.137,Low,5.6,27,4,0.237,0.237,0.237,5.3,2.192,0.16,0.16,0.19,2.624,1.986
Hinkley Point B,2022,Hinkley Point,Somerset,South West,51.20916667,-3.1275,Nuclear (AGR),1220,1976,46,"Decomissioning, restricted site",Partial (nuclear),183,Extreme Hazard,838.9,,224,,,,260,0.137,Low,5.6,27,4,0.2,0.2,0.2,2.9,1.559,0.2,0.2,0.2,2.9,1.559
Huddersfield[11],1981,Huddersfield,West Yorkshire,North East,53.6525,-1.773888889,Coal,94,1893,88,Redeveloped,Partial,28.2,Very High Hazard,871.5,14.1,211,414,106,626,549,0.2,Low,7.1,153,0,0.168,0.168,0.168,1.15,,0.168,0.168,0.168,1.15,
Huncoat,1984,Accrington,Lancashire,North West,53.77611111,-2.337777778,Coal,150,1956,28,Brownfield,Partial,45,Very High Hazard,1161.4,69.3,208,358,423,841,550,0.143,Low,5.1,91,0,0.079,0.079,0.079,1.545,,0.202,0.202,0.202,1.545,
Ince B,1997,Ellesmere Port,Cheshire,North West,,,Oil,1050,1984,13,Redeveloped,Partial,105,High Hazard,,,,,,,,,,,,,,,,,,,,,,
Ironbridge A,1981,Ironbridge,Shropshire,West Midlands,52.63,-2.511944444,Coal,200,1932,49,Passive rewilding,Passive rewilding,60,Very High Hazard,729.8,30,376,745,443,833,1369,0.136,Low,3.8,109,0,0.071,0.071,0.071,0.103,,0.071,0.071,0.071,0.493,
Ironbridge B,2015,Ironbridge,Shropshire,West Midlands,52.63,-2.511944444,Coal,1000,1969,46,Remediation then redevelopment,Partial,300,Very High Hazard,707.7,150,2253,1739,1369,,1369,0.136,Low,3.8,109,0,0.056,0.056,0.056,0.103,,0.071,0.071,0.071,0.493,
Keadby Coal,1984,Scunthorpe,North Lincolnshire,Yorkshire and the Humber,53.59444444,-0.7505555556,Coal,360,1952,32,New energy site,Partial,108,Very High Hazard,682.2,72.6,18,151,48,88,77,0.196,Low,8,111,4.4,0.079,0.079,0.079,0.316,0.727,0.075,0.075,0.075,0.125,0.727
Kingsnorth,2012,Medway,Kent,South East,51.41888889,0.6027777778,Coal,2000,1970,42,Renewable energy site,Full,600,Very High Hazard,581.9,300,722,393,962,,510,0.117,Low,8,38,0,0.15,0.15,0.16,0.91,0.358,0.236,0.236,0.236,0.236,0.416
Leicester[21],1990,Leicester,Leicestershire,East Midlands,,,OCGT,102,1976,14,Redeveloped,Partial,15.3,Low Hazard,,,,,,,,,,,,,,,,,,,,,,
Little Barford A,1981,Little Barford,Bedfordshire,East,52.20472222,-0.2672222222,Coal,120,1939,42,New energy site,Partial,36,Very High Hazard,626,18,110,822,717,1067,769,0.124,Low,8.1,16,0,0.329,0.329,0.358,0.358,,0.236,0.236,0.358,0.358,
Littlebrook C,1981,Dartford,Kent,South East,51.46527778,0.2416666667,Coal,240,1956,25,Brownfield,Full,72,Very High Hazard,617,167.2,375,813,766,1310,1305,0.096,Low,7.5,59,0,0.23,0.23,0.23,0.34,0.285,0.23,0.23,0.23,0.318,0.285
Littlebrook D,2015,Dartford,Kent,South East,51.46527778,0.2416666667,Oil,1370,1981,34,Brownfield,Full,137,High Hazard,614.3,,1054,1440,1305,,1305,0.096,Low,7.5,59,0,0.285,0.285,0.285,0.285,5.736,0.23,0.23,0.23,0.318,0.285
Lots Road,2002,Lots Road,Chelsea,Greater London,51.47777778,-0.1813888889,Coal,1800,1905,97,Redeveloped,Full,540,Very High Hazard,659,270,904,645,732,2808,2876,0.378,Low,5.8,807,0,0.025,0.025,0.025,0.15,1.478,0.152,0.152,0.152,0.152,
Marchwood A,1984,Marchwood,Hampshire,South East,50.89833333,-1.436944444,oil,480,1953,31,New energy site,Partial,48,High Hazard,747.6,,222,307,558,744,1162,0.047,Low,7,31,0,0.158,0.158,0.158,0.158,0.19,0.19,0.19,0.19,0.215,0.19
Meaford B,1991,Meaford,Staffordshire,West Midlands,52.92583333,-2.166388889,Coal,240,1957,34,Brownfield,Partial,72,Very High Hazard,748.9,36,153,121,320,442,762,0.057,Low,5.8,36,0,0.18,0.18,0.285,2.706,,0.18,0.18,0.18,0.902,
Mexborough,1981,Mexborough,South Yorkshire,Yorkshire and the Humber,53.49361111,-1.263611111,Coal,120,1950,31,Redeveloped,Partial,36,Very High Hazard,747.3,18,484,734,357,506,642,0.102,Low,3.7,71,0,0.125,0.125,0.125,0.125,,0.135,0.135,0.135,0.15,
North Tees C,1983,Billingham,County Durham,North East,54.58694444,-1.263055556,Coal,120,1949,34,Brownfield,Partial,36,Very High Hazard,714.7,154.2,113,128,549,372,1203,0.081,Low,7.6,31,1.6,0.261,0.261,0.261,1.295,0.261,0.261,0.261,0.261,1.295,0.261
Northfleet[6],1991,Gravesham,Kent,South East,,,Coal,720,1963,28,Redeveloped,Partial,216,Very High Hazard,,108,,,,,,,,,,,,,,,,,,,,
Norwich[6],1986,Norwich,Norfolk,East,52.62083333,1.318333333,Oil (gas turbine),110,1966,20,Clean energy site,Partial,11,High Hazard,628.5,,538,995,793,1366,2021,0.085,Low,6.9,68,0,0.05,0.05,0.05,2.816,,0.05,0.05,0.05,0.292,
Nottingham[21],1981,Nottingham,Nottinghamshire,East Midlands,52.93194444,-1.166944444,Coal,148,1925,56,Brownfield,Partial,44.4,Very High Hazard,686.1,22.2,124,122,123,249,1947,0.087,Low,6.7,53,0,0.325,0.325,0.325,0.358,,0.275,0.275,0.275,0.358,
Oldbury nuclear power station,2012,Oldbury,South Gloucestershire,South West,51.64888889,-2.570833333,Nuclear (magnox),470,1967,45,"Decomissioning, restricted site",Partial (nuclear),70.5,Extreme Hazard,704.5,,536,501,616,,307,0.146,Low,6,66,0,0.125,0.125,0.125,0.553,0.226,0.182,0.182,0.182,0.633,0.226
Padiham B,1993,Padiham,Lancashire,North West,53.79555556,-2.3275,Coal,240,1957,36,Remediation then rewilding,Partial,72,Very High Hazard,1120.6,69.3,363,777,716,458,587,0.149,Low,4.7,130,0,0.125,0.125,0.255,0.255,,0.135,0.135,0.388,0.276,
Portishead B,1982,Portishead,Somerset,South West,51.49111111,-2.755,Oil,298,1955,27,Redeveloped,Full,29.8,High Hazard,786.2,,503,1020,1203,1853,808,0.133,Low,4.2,89,0,0.075,0.075,0.075,3.034,0.195,0.075,0.075,0.075,0.637,2.677
Portrack,1996,Billingham,County Durham,North East,54.57111111,-1.266666667,Waste,20,1977,19,Redeveloped,Partial,6,Medium Hazard,663.8,,582,542,578,602,1040,0.081,Low,7.6,31,1.6,0.025,0.025,0.025,0.202,0.7,0,0,0,0.202,0.316
Ratcliffe-on-Soar,2024,Ratcliffe-on-Soar,Nottinghamshire,East Midlands,52.86527778,-1.255,Coal,2021,1968,56,Brownfield,Full,606.3,Very High Hazard,751.9,26.8,1518,,,,1397,0.064,Low,6.2,26,0,0.237,0.237,0.237,0.237,,0.237,0.237,0.237,0.237,
Richborough,1996,Richborough,Kent,South East,51.31,1.348611111,Coal+oil,360,1962,34,New energy site,Partial,108,Very High Hazard,609.8,54,692,1063,990,1376,1769,0.069,Low,5.4,25,0,0.035,0.035,0.035,0.443,0.765,0.025,0.025,0.025,1.393,0.361
Roosecote A,1986,Roosecote,Cumbria,North West,54.105,-3.187777778,Coal,120,1954,32,Clean energy site,Partial,36,Very High Hazard,1515.1,18,183,257,360,228,549,0.162,Low,4.8,59,0,0.025,0.025,0.025,0.682,0.443,0.127,0.127,0.127,0.682,1.7
Roosecote B,2012,Roosecote,Cumbria,North West,54.105,-3.187777778,CCGT,229,1991,21,Clean energy site,Partial,17.2,Low Hazard,1559.2,,187,360,606,,549,0.162,Low,4.8,59,0,0,0,0,0.682,2.483,0.127,0.127,0.127,0.682,1.7
Rugeley A,1995,Rugeley,Staffordshire,West Midlands,52.75694444,-1.916388889,Coal,600,1963,32,Remediation then clean redevelopment,Full,180,Very High Hazard,730.2,90,757,1108,1244,466,585,0.086,Low,6.7,45,0,0.09,0.09,0.09,0.09,,0.27,0.581,1.443,0.571,
Rugeley B,2016,Rugeley,Staffordshire,West Midlands,52.75694444,-1.916388889,Coal,1006,1970,46,Remediation then redevelopment,Full,301.8,Very High Hazard,752.9,150.9,466,602,,,585,0.086,Low,6.7,45,0,0.492,0.492,0.492,0.621,,0.27,0.581,1.443,0.571,
Rye House A,1982,Hoddesdon,Hertfordshire,East,51.7625,0.01083333333,Coal,120,1953,29,New energy site,Partial,37,Very High Hazard,644.7,18,281,420,587,787,1071,0.087,Low,4.9,35,0,0.025,0.025,0.025,0.25,,0.135,0.135,0.135,0.135,
Sizewell A,2006,Sizewell,Suffolk,East,52.215,1.619722222,Nuclear (magnox),650,1966,40,"Decomissioning, restricted site",Partial (nuclear),97.5,Extreme Hazard,635.8,,3305,1932,2199,,1737,0.039,Low,7,13,0,0.15,0.15,0.15,6.289,,0.175,0.175,0.175,3.222,6.946
Skelton Grange A,1983,Leeds,West Yorkshire,Yorkshire and the Humber,,,Coal,360,1948,35,Clean energy site,Partial,108,Very High Hazard,,54,,,,,,,,,,,,,,,,,,,,
Skelton Grange B,1994,Leeds,West Yorkshire,Yorkshire and the Humber,,,Coal,448,1960,34,Clean energy site,Partial,134.4,Very High Hazard,,67.2,,,,,,,,,,,,,,,,,,,,
Spondon[38][39][11],1982,Spondon,Derbyshire,East Midlands,52.90638889,-1.400833333,Coal,18,1920,62,Partially Demolished,Partial,5.4,Very High Hazard,735.7,2.7,365,516,316,403,666,0.109,Low,5.3,66,0,0.18,0.18,0.28,0.478,,0.18,0.18,0.577,0.18,
Staythorpe A,1983,Southwell,Nottinghamshire,East Midlands,53.07472222,-0.8558333333,Coal,112,1950,33,New energy site,Partial,19.4,Very High Hazard,666.5,16.8,32,49,49,299,823,0.096,Low,4.4,42,0,0.224,0.224,0.224,0.224,,0.2,0.2,0.224,0.224,
Staythorpe B,1994,Southwell,Nottinghamshire,East Midlands,53.07472222,-0.8558333333,Coal,354,1962,32,New energy site,Partial,106.2,Very High Hazard,624,53.1,49,290,227,236,823,0.096,Low,4.4,42,0,0.224,0.224,0.224,0.224,,0.2,0.2,0.224,0.224,
Stella North,1991,Lemington,Tyne and Wear,North East,54.97416667,-1.725833333,Coal,240,1954,37,Redeveloped,Partial,72,Very High Hazard,711.4,33.5,295,176,456,1012,1073,0.173,Low,5.1,151,3.6,0,0,0,1.68,0,0,0,0,1.68,0
Stella South,1991,Blaydon,Tyne and Wear,North East,54.97416667,-1.725833333,Coal,300,1954,37,Redeveloped,Partial,90,Very High Hazard,711.4,33.5,295,176,456,1012,1073,0.173,Low,5.1,151,3.6,0,0,0,1.68,0,0,0,0,1.68,0
Stourport B[21],1984,Stourport,Worcestershire,West Midlands,,,Coal,112,1950,34,Redeveloped,Partial,33.6,Very High Hazard,,16.8,,,,,,,,,,,,,,,,,,,,
Teesside,2013,Wilton,Redcar and Cleveland,North East,54.57694444,-1.120555556,CCGT,1875,1993,20,Brownfield,Partial,140.6,Low Hazard,733.5,,1016,422,828,,705,0.133,Low,6.6,55,2.8,0.313,0.313,0.313,1.003,2.991,0.313,0.313,0.313,1.003,2.991
Thornhill[11],1982,Dewsbury,West Yorkshire,North East,53.67722222,-1.654722222,Coal,186,1902,80,New energy site,Partial,55.8,Very High Hazard,883.9,27.9,32,25,13,411,519,0.132,Low,6.9,119,0,0.025,0.025,0.025,0.05,,0.05,0.05,0.05,0.05,
Thorpe Marsh,1994,Doncaster,South Yorkshire,Yorkshire and the Humber,53.58055556,-1.085277778,Coal,1100,1963,31,Remediation,Partial,330,Very High Hazard,633.3,165,293,475,659,751,224,0.069,Low,6.8,30,0,0.15,0.15,0.15,0.202,0.236,0.177,0.275,0.348,0.177,
Tilbury A,1981,Tilbury,"Thurrock, Essex",East,51.455,0.3916666667,Oil,360,1956,25,Clean energy site,Partial,36,High Hazard,600.6,,345,400,644,1041,963,0.098,Low,7.9,42,0,0.202,0.202,0.202,0.202,0.28,0.177,0.177,0.177,0.28,0.326
Tilbury B,2013,Tilbury,"Thurrock, Essex",East,51.455,0.3916666667,Coal+oil+biofuel,1131,1967,46,Clean energy site,Partial,339.3,Very High Hazard,579.7,332.2,754,1039,1202,,963,0.098,Low,7.9,42,0,0.202,0.202,0.202,0.202,0.28,0.177,0.177,0.177,0.28,0.326
Wakefield B,1991,Wakefield,West Yorkshire,Yorkshire and the Humber,53.67361111,-1.473333333,Coal,224,1957,34,Redeveloped,Partial,67.2,Very High Hazard,730.7,6,59,549,672,551,630,0.617,Medium,4,187,18.8,0.177,0.18,0.18,0.177,,0.177,0.18,0.18,0.177,
Walsall[21] (Birchills),1982,Walsall,Birmingham,West Midlands,,,Coal,191,1949,33,Clean energy site,Partial,57.3,Very High Hazard,,28.6,,,,,,,,,,,,,,,,,,,,
Watford,1990,Watford,Hertfordshire,East,51.64277778,-0.4044444444,Coal,27,1899,91,Redeveloped,Partial,8.1,Very High Hazard,639.4,4,752,392,653,774,1051,0.114,Low,5.1,47,0,0.075,0.075,1.061,1.061,,0.125,0.125,1.061,1.061,
West Burton A,2023,Bole,Nottinghamshire,East Midlands,53.365,-0.8194444444,Coal,1972,1967,56,Brownfield,Partial,591.6,Very High Hazard,720.6,102.7,474,,,,239,0.268,Low,7.3,191,0,0.125,0.878,0.878,0.649,,0.125,0.878,0.878,0.649,
West Ham,1983,Canning Town,London,Greater London,51.51805556,0.001388888889,Coal,114,1904,79,Redeveloped,Partial,34.2,Very High Hazard,644.6,17.1,112,108,275,405,2633,0.204,Low,7.1,301,0,0.135,0.135,0.135,0.135,7.415,0.16,0.16,0.506,0.16,2.552
West Thurrock,1993,West Thurrock,Essex,East,51.46944444,0.2888888889,Coal,1300,1962,31,Redeveloped,Partial,390,Very High Hazard,578.7,9.5,437,460,807,744,806,0.196,Low,7.8,97,0,0.106,0.106,0.106,0.246,0.195,0.141,0.141,0.141,0.195,0.141
Wilford,1981,Wilford,Nottinghamshire,East Midlands,52.93194444,-1.166944444,Coal,316,1925,56,Redeveloped,Partial,94.8,Very High Hazard,686.1,47.4,124,122,123,249,1947,0.087,Low,6.7,53,0,0.325,0.325,0.325,0.358,,0.275,0.275,0.275,0.358,
Willington A,1990,Willington,Derbyshire,East Midlands,52.85388889,-1.565,Coal,400,1957,33,Redeveloped,Partial,120,Very High Hazard,703.9,60,224,288,419,499,496,0.114,Low,5.5,78,0,0.202,0.202,0.23,0.609,,0.202,0.202,0.202,0.609,
Willington B[49],1990,Willington,Derbyshire,East Midlands,52.85388889,-1.565,Coal,400,1960,30,Redeveloped,Partial,120,Very High Hazard,703.9,60,224,288,419,499,496,0.114,Low,5.5,78,0,0.202,0.202,0.23,0.609,,0.202,0.202,0.202,0.609,
Winfrith,1990,Winfrith Newburgh,Dorset,South West,50.68194444,-2.261111111,Nuclear,100,1968,22,"Decomissioning, restricted site",Partial (nuclear),15,Extreme Hazard,669.1,,245,1169,809,605,502,0.092,Low,6.3,82,0,0.071,0.071,0.071,3.076,6.723,0.071,0.071,0.071,3.076,6.747